S.NO,SECTON,WEB OPENNG,Depth of Web opening(dwh/d1),dwh/2,d1,tw,tw(mm),rcl(mm),lip length (mm),"d1,d2(mm)",flange width(mm),"b1,b2(mm)",ri(mm),ro(mm),total depth D (mm),total length(mm)with aspect ratio-1,fyw,E,m,a/d,Vu FEM,Linear Buckling load(kN),dwh,dwh/d1,d1/tw,Aw,Vcr FEA,Vy,λv,Vv,c,c/tw,qs,Vnl(AS)FEA,Vnl FEA/Vnl(AS),Kss,Ksf,Kv,Vcr,vy,λv.1,Vv.1,c.1,c/tw.1,qsAS/NS,VnlWITHOUT TENSION FIELD,VnlFEA/V AS/NS,Vv.2,Vnl AS/NS,VnlF/Vnl AS/NS,Vv.3,VnlAS/NS EITH TENSION FEIEL,VnlF/Vnl AS/NS.1,Vcr(FEA),Vy.1,vv,qseq,Vcr(eq),Vy.2,Vv.4,qs.1,VNL,qsFEA=Vfea/Vv,VcrFEA/Vcr eq,qsfea/qs eq,qs pro,qsfea/qs pro,vnl pro,vnlFEA/vnl Pro,DSM pro,qs pro.1,Vnl Pro,vnlFEA/vnl Pro.1,qs fea/qs pro,Design Shear Resistance (VRd),Vcr.1,VU(FEA),Vnl DSM,VnlFEA/V AS/NS.1,Vnl with tension field,VnlFEA/V AS/NS.2,VN PRO,Predicted_Shear_Capacity_kN,Absolute_Error,Percentage_Error
1.0,150x60x18x1.5,0.0,0.0,0.0,144.0,1.5,1.5,2.25,18.0,15.0,60.0,54.0,1.5,3.0,150.0,473.0,349.1066271,210000.0,0.3,1.0,39.14,13.37,0.0,0.0,96.0,216.0,6.68,45.24,2.6,19.59,72.0,48.0,0.89,17.41,2.25,9.34,12.6,10.09,44.83,45.24,1.0,36.71,72.0,48.0,0.89,32.63,1.2,19.59,17.41,2.25,38.34,34.08,1.15,6.68,45.24,19.59,Not Applicable=0,44.83,45.24,38.34,Not Applicable=0,38.40,1.02,0.15,#VALUE!,Not Applicable,#VALUE!,#VALUE!,#VALUE!,35.32,Not Applicable,#VALUE!,#VALUE!,#VALUE!,39.57958821,44.83481268,39.1409,32.62828998,1.199600102,34.08226685,1.148424199,35.31796306,39.040885649104176,0.100014350895826,0.2555238916218738
,,0.2,28.8,14.4,144.0,1.5,1.5,2.25,18.0,15.0,60.0,54.0,1.5,3.0,150.0,473.0,349.1066271,210000.0,0.3,1.0,33.91,11.49,28.8,0.2,96.0,216.0,5.74,45.24,2.81,5.74,61.82,41.22,0.76,4.38,7.73,9.34,12.6,10.09,44.83,45.24,1.0,36.71,61.82,41.22,0.76,28.02,1.21,18.52,14.13,2.4,38.34,29.26,1.16,5.74,45.24,18.52,0.88,44.83,45.24,38.34,0.88,33.74,0.88,0.13,1.00,0.90,0.98,34.51,0.98,34.7,0.90,31.23,1.09,0.98,39.57958821,44.83481268,33.909,28.01651755,1.210321731,29.26498532,1.158688434,31.22967215,33.00368573129487,0.9053142687051263,2.6698347598134013
,,0.4,57.6,28.8,144.0,1.5,1.5,2.25,18.0,15.0,60.0,54.0,1.5,3.0,150.0,473.0,349.1066271,210000.0,0.3,1.0,24.41,5.55,57.6,0.4,96.0,216.0,2.77,45.24,4.04,2.77,51.65,34.43,0.64,1.77,13.81,9.34,12.6,10.09,44.83,45.24,1.0,36.71,51.65,34.43,0.64,23.4,1.04,14.08,8.98,2.72,38.34,24.45,1.0,2.77,45.24,14.08,0.69,44.83,45.24,38.34,0.69,26.40,0.64,0.06,0.92,0.69,0.93,26.34,0.93,31.87,0.69,21.90,1.11,0.93,39.57958821,44.83481268,24.4134,23.40474511,1.043096171,24.44770379,0.99859685,21.89623157,25.55482240011779,1.14142240011779,4.675393022347523
,,0.6,86.4,43.2,144.0,1.5,1.5,2.25,18.0,15.0,60.0,54.0,1.5,3.0,150.0,473.0,349.1066271,210000.0,0.3,1.0,16.23,3.96,86.4,0.6,96.0,216.0,1.98,45.24,4.78,1.98,41.47,27.65,0.51,1.01,16.0,9.34,12.6,10.09,44.83,45.24,1.0,36.71,41.47,27.65,0.51,18.79,0.86,12.39,6.34,2.56,38.34,19.63,0.83,1.98,45.24,12.39,0.43,44.83,45.24,38.34,0.43,16.31,0.42,0.04,1.00,0.46,0.92,17.56,0.92,30.64,0.46,14.04,1.16,0.92,39.57958821,44.83481268,16.2342,18.79297268,0.863844176,19.63042225,0.82699189,14.03536863,17.495322654479192,1.2611226544791911,7.7683079824025265
,,0.8,115.2,57.6,144.0,1.5,1.5,2.25,18.0,15.0,60.0,54.0,1.5,3.0,150.0,473.0,349.1066271,210000.0,0.3,1.0,9.91,29.69,115.2,0.8,96.0,216.0,14.85,45.24,1.75,14.85,31.29,20.86,0.39,5.74,1.73,9.34,12.6,10.09,44.83,45.24,1.0,36.71,31.29,20.86,0.39,14.18,0.7,26.19,10.12,0.98,38.34,14.81,0.67,14.85,45.24,26.19,0.16,44.83,45.24,38.34,0.16,6.22,0.26,0.33,1.59,0.23,1.13,8.78,1.13,38.76,0.23,8.88,1.12,1.13,39.57958821,44.83481268,9.90674,14.18120024,0.698582619,14.81314072,0.668780523,8.875582673,9.807079742136509,0.09966025786349064,1.0059843890471603
2.0,150x60x18x2,0.0,0.0,0.0,142.0,2.0,2.0,3.0,18.0,14.0,60.0,52.0,2.0,4.0,150.0,469.0,349.1066271,210000.0,0.3,1.0,55.59,478.88,0.0,0.0,71.0,284.0,239.44,59.49,0.5,59.49,71.0,35.5,0.66,39.11,1.42,9.34,12.6,10.09,107.77,59.49,0.74,59.49,71.0,35.5,0.66,39.11,1.42,59.49,39.11,1.42,61.1,40.16,1.38,239.44,59.49,76.65,Not Applicable,107.77,59.49,61.1,Not Applicable,61.10,0.91,2.22,#VALUE!,Not Applicable,#VALUE!,#VALUE!,#VALUE!,68.14,Not Applicable,#VALUE!,#VALUE!,#VALUE!,52.03982894,107.7719441,55.5945,39.10770016,1.421574262,40.1647402,1.384161823,68.13782115,55.820976272012004,0.22647627201200748,0.40737172204446037
,,0.2,28.4,14.2,142.0,2.0,2.0,3.0,18.0,14.0,60.0,52.0,2.0,4.0,150.0,469.0,349.1066271,210000.0,0.3,1.0,51.22,414.0,28.4,0.2,71.0,284.0,207.0,59.49,0.54,59.49,60.96,30.48,0.56,33.58,1.53,9.34,12.6,10.09,107.77,59.49,0.74,59.49,60.96,30.48,0.56,33.58,1.53,59.49,33.58,1.53,61.1,34.49,1.49,207.0,59.49,73.76,0.88,107.77,59.49,61.1,0.88,53.76,0.84,1.92,0.95,0.90,0.93,54.99,0.93,67.0,0.90,60.30,0.85,0.93,52.03982894,107.7719441,51.2173,33.58011003,1.525227283,34.48774512,1.485086944,60.30218751,47.72203575192081,3.495264248079195,6.824382089800117
,,0.4,56.8,28.4,142.0,2.0,2.0,3.0,18.0,14.0,60.0,52.0,2.0,4.0,150.0,469.0,349.1066271,210000.0,0.3,1.0,37.65,199.69,56.8,0.4,71.0,284.0,99.84,59.49,0.77,59.49,50.93,25.46,0.47,28.05,1.34,9.34,12.6,10.09,107.77,59.49,0.74,59.49,50.93,25.46,0.47,28.05,1.34,59.49,28.05,1.34,61.1,28.81,1.31,99.84,59.49,59.68,0.69,107.77,59.49,61.1,0.69,42.07,0.62,0.93,0.89,0.69,0.90,41.97,0.90,61.59,0.69,42.31,0.89,0.90,52.03982894,107.7719441,37.6513,28.0525199,1.34217176,28.81075004,1.306849004,42.31000522,37.30523804038849,0.34606195961151087,0.9191235352073126
,,0.6,85.2,42.6,142.0,2.0,2.0,3.0,18.0,14.0,60.0,52.0,2.0,4.0,150.0,469.0,349.1066271,210000.0,0.3,1.0,25.36,143.66,85.2,0.6,71.0,284.0,71.83,59.49,0.91,53.28,40.89,20.45,0.38,20.17,1.26,9.34,12.6,10.09,107.77,59.49,0.74,59.49,40.89,20.45,0.38,22.52,1.13,59.49,22.52,1.13,61.1,23.13,1.1,71.83,59.49,53.77,0.43,107.77,59.49,61.1,0.43,25.99,0.42,0.67,0.98,0.46,0.91,27.98,0.91,59.28,0.46,27.15,0.93,0.91,52.03982894,107.7719441,25.3629,22.52492977,1.125992412,23.13375496,1.096358981,27.15125769,25.661456132635877,0.298556132635877,1.1771372068488895
,,0.8,113.6,56.8,142.0,2.0,2.0,3.0,18.0,14.0,60.0,52.0,2.0,4.0,150.0,469.0,349.1066271,210000.0,0.3,1.0,14.04,107.15,113.6,0.8,71.0,284.0,53.57,59.49,1.05,46.01,30.86,15.43,0.29,13.15,1.07,9.34,12.6,10.09,107.77,59.49,0.74,59.49,30.86,15.43,0.29,17.0,0.83,59.49,17.0,0.83,61.1,17.46,0.8,53.57,59.49,48.84,0.16,107.77,59.49,61.1,0.16,9.91,0.23,0.50,1.42,0.23,1.00,13.99,1.00,57.3,0.23,13.12,1.07,1.00,52.03982894,107.7719441,14.0419,16.99733965,0.826123399,17.45675987,0.804381804,13.12184073,14.142345559196016,0.10044555919601628,0.7153274072313311
3.0,150x60x18x2.5,0.0,0.0,0.0,140.0,2.5,2.5,3.75,18.0,13.0,60.0,50.0,2.5,5.0,150.0,465.0,349.1066271,210000.0,0.3,1.0,73.43,937.09,0.0,0.0,56.0,350.0,468.54,73.31,0.4,73.31,70.0,28.0,0.52,38.01,1.93,9.34,12.6,10.09,213.5,73.31,0.59,73.31,70.0,28.0,0.52,38.01,1.93,73.31,38.01,1.93,86.56,44.89,1.64,468.54,73.31,105.46,Not Applicable,213.5,73.31,86.56,Not Applicable,86.56,0.85,2.19,#VALUE!,Not Applicable,#VALUE!,#VALUE!,#VALUE!,73.31,Not Applicable,#VALUE!,#VALUE!,#VALUE!,64.133592,213.499108,73.4316,38.01383273,1.931707348,44.88535373,1.635981314,73.31239169,75.05369618127192,1.622096181271914,2.2089892924461862
,,0.2,28.0,14.0,140.0,2.5,2.5,3.75,18.0,13.0,60.0,50.0,2.5,5.0,150.0,465.0,349.1066271,210000.0,0.3,1.0,67.1,814.83,28.0,0.2,56.0,350.0,407.41,73.31,0.42,73.31,60.11,24.04,0.45,32.64,2.06,9.34,12.6,10.09,213.5,73.31,0.59,73.31,60.11,24.04,0.45,32.64,2.06,73.31,32.64,2.06,86.56,38.54,1.74,407.41,73.31,102.22,0.88,213.5,73.31,86.56,0.88,76.18,0.78,1.91,0.88,0.90,0.86,77.91,0.86,73.31,0.90,65.98,1.02,0.86,64.133592,213.499108,67.1021,32.64085284,2.055770428,38.54113413,1.741051516,65.98115252,64.86510755552102,2.2369924444789717,3.33371451039382
,,0.4,56.0,28.0,140.0,2.5,2.5,3.75,18.0,13.0,60.0,50.0,2.5,5.0,150.0,465.0,349.1066271,210000.0,0.3,1.0,52.08,396.33,56.0,0.4,56.0,350.0,198.17,73.31,0.61,73.31,50.21,20.08,0.37,27.27,1.91,9.34,12.6,10.09,213.5,73.31,0.59,73.31,50.21,20.08,0.37,27.27,1.91,73.31,27.27,1.91,86.56,32.2,1.62,198.17,73.31,84.76,0.69,213.5,73.31,86.56,0.69,59.61,0.6,0.93,0.87,0.69,0.88,59.47,0.88,73.31,0.69,50.37,1.03,0.88,64.133592,213.499108,52.0846,27.26787295,1.910108651,32.19691452,1.617689172,50.36561309,51.534100224405535,0.5504997755944672,1.056933864509792
,,0.6,84.0,42.0,140.0,2.5,2.5,3.75,18.0,13.0,60.0,50.0,2.5,5.0,150.0,465.0,349.1066271,210000.0,0.3,1.0,34.31,281.6,84.0,0.6,56.0,350.0,140.8,73.31,0.72,73.31,40.32,16.13,0.3,21.89,1.57,9.34,12.6,10.09,213.5,73.31,0.59,73.31,40.32,16.13,0.3,21.89,1.57,73.31,21.89,1.57,86.56,25.85,1.33,140.8,73.31,76.64,0.43,213.5,73.31,86.56,0.43,36.82,0.4,0.66,0.93,0.46,0.87,39.65,0.87,73.31,0.46,33.58,1.02,0.87,64.133592,213.499108,34.3107,21.89489306,1.56706406,25.85269491,1.327161448,33.57707539,36.38002604110913,2.069326041109136,6.031139093953595
,,0.8,112.0,56.0,140.0,2.5,2.5,3.75,18.0,13.0,60.0,50.0,2.5,5.0,150.0,465.0,349.1066271,210000.0,0.3,1.0,20.27,211.31,112.0,0.8,56.0,350.0,105.66,73.31,0.83,71.73,30.42,12.17,0.23,16.17,1.25,9.34,12.6,10.09,213.5,73.31,0.59,73.31,30.42,12.17,0.23,16.52,1.23,73.31,16.52,1.23,86.56,19.51,1.04,105.66,73.31,70.12,0.16,213.5,73.31,86.56,0.16,14.04,0.23,0.49,1.44,0.23,1.02,19.82,1.02,73.31,0.23,16.79,1.21,1.02,64.133592,213.499108,20.2668,16.52191316,1.226661816,19.5084753,1.038871551,16.7885377,21.046002858692425,0.7792028586924253,3.844725653247801
4.0,150x60x18x3,0.0,0.0,0.0,138.0,3.0,3.0,4.5,18.0,12.0,60.0,48.0,3.0,6.0,150.0,461.0,349.1066271,210000.0,0.3,1.0,91.0272,161.77,0.0,0.0,46.0,414.0,80.89,86.72,1.04,68.26,69.0,23.0,0.43,29.07,3.13,9.34,12.6,10.09,374.27,86.72,0.48,86.72,69.0,23.0,0.43,36.94,2.46,86.72,36.94,2.46,113.74,48.45,1.88,80.89,86.72,72.03,Not Applicable,374.27,86.72,113.74,Not Applicable,113.74,0.8,0.22,#VALUE!,Not Applicable,#VALUE!,#VALUE!,#VALUE!,86.72,Not Applicable,#VALUE!,#VALUE!,#VALUE!,75.8608774,374.2732189,91.0272,36.93548115,2.464492059,48.44581944,1.878948505,86.71808617,90.92714185581524,0.10005814418475723,0.1099211490463919
,,0.2,27.6,13.8,138.0,3.0,3.0,4.5,18.0,12.0,60.0,48.0,3.0,6.0,150.0,461.0,349.1066271,210000.0,0.3,1.0,83.467,1415.82,27.6,0.2,46.0,414.0,707.91,86.72,0.35,86.72,59.25,19.75,0.37,31.71,2.63,9.34,12.6,10.09,374.27,86.72,0.48,86.72,59.25,19.75,0.37,31.71,2.63,86.72,31.71,2.63,113.74,41.6,2.01,707.91,86.72,131.07,0.88,374.27,86.72,113.74,0.88,100.09,0.73,1.89,0.83,0.90,0.82,102.37,0.82,86.72,0.90,78.05,1.07,0.82,75.8608774,374.2732189,83.467,31.71491844,2.631789836,41.59835379,2.006497671,78.04627755,79.77154432829437,3.6954556717056306,4.427445183971666
,,0.4,55.2,27.6,138.0,3.0,3.0,4.5,18.0,12.0,60.0,48.0,3.0,6.0,150.0,461.0,349.1066271,210000.0,0.3,1.0,66.5666,686.96,55.2,0.4,46.0,414.0,343.48,86.72,0.5,86.72,49.49,16.5,0.31,26.49,2.51,9.34,12.6,10.09,374.27,86.72,0.48,86.72,49.49,16.5,0.31,26.49,2.51,86.72,26.49,2.51,113.74,34.75,1.92,343.48,86.72,111.27,0.69,374.27,86.72,113.74,0.69,78.32,0.59,0.92,0.85,0.69,0.85,78.14,0.85,86.72,0.69,59.58,1.12,0.85,75.8608774,374.2732189,66.5666,26.49435573,2.512482306,34.75088815,1.915536654,59.5753252,65.03427256595738,1.5323274340426138,2.301946372569147
,,0.6,82.8,41.4,138.0,3.0,3.0,4.5,18.0,12.0,60.0,48.0,3.0,6.0,150.0,461.0,349.1066271,210000.0,0.3,1.0,45.2838,489.89,82.8,0.6,46.0,414.0,244.95,86.72,0.6,86.72,39.74,13.25,0.25,21.27,2.13,9.34,12.6,10.09,374.27,86.72,0.48,86.72,39.74,13.25,0.25,21.27,2.13,86.72,21.27,2.13,113.74,27.9,1.62,244.95,86.72,101.52,0.43,374.27,86.72,113.74,0.43,48.39,0.4,0.65,0.94,0.46,0.87,52.09,0.87,86.72,0.46,39.72,1.14,0.87,75.8608774,374.2732189,45.2838,21.27379303,2.128618998,27.9034225,1.62287619,39.71688347,48.081554812527884,2.7977548125278844,6.178268635865109
,,0.8,110.4,55.2,138.0,3.0,3.0,4.5,18.0,12.0,60.0,48.0,3.0,6.0,150.0,461.0,349.1066271,210000.0,0.3,1.0,25.7821,369.71,110.4,0.8,46.0,414.0,184.855,86.72,0.68,86.72,29.99,10.0,0.19,16.05,1.61,9.34,12.6,10.09,374.27,86.72,0.48,86.72,29.99,10.0,0.19,16.05,1.61,86.72,16.05,1.61,113.74,21.06,1.22,184.86,86.72,93.55,0.16,374.27,86.72,113.74,0.16,18.45,0.23,0.49,1.40,0.23,0.99,26.05,0.99,86.72,0.23,19.86,1.30,0.99,75.8608774,374.2732189,25.7821,16.05323032,1.60603813,21.05595686,1.224456346,19.85844173,30.62641899005441,4.844318990054411,18.789466296594966
5.0,200x65x20x1.5,0.0,0.0,0.0,194.0,1.5,1.5,2.25,20.0,17.0,65.0,59.0,1.5,3.0,200.0,573.0,349.1066271,210000.0,0.3,1.0,43.3239,147.39,0.0,0.0,129.33,291.0,73.6965,60.95,0.91,54.62,97.0,64.67,1.0,54.62,0.79,9.34,12.6,10.09,33.28,60.95,1.35,33.28,97.0,64.67,1.0,33.28,1.3,55.12,55.12,0.79,42.21,42.21,1.03,73.7,60.95,55.12,Not Applicable,33.28,60.95,42.21,Not Applicable,42.21,1.03,2.21,#VALUE!,Not Applicable,#VALUE!,#VALUE!,#VALUE!,61.55,Not Applicable,#VALUE!,#VALUE!,#VALUE!,53.32250078,33.27944859,43.3239,33.27944859,1.30182145,42.21468316,1.026275617,61.55103825,43.42416679070862,0.10026679070861633,0.23143528331617497
,,0.2,38.8,19.4,194.0,1.5,1.5,2.25,20.0,17.0,65.0,59.0,1.5,3.0,200.0,573.0,349.1066271,210000.0,0.3,1.0,40.3678,125.42,38.8,0.2,129.33,291.0,62.7075,60.95,0.99,50.39,83.29,55.53,1.0,50.39,0.8,9.34,12.6,10.09,33.28,60.95,1.35,33.28,83.29,55.53,1.0,33.28,1.21,52.3,52.3,0.77,42.21,42.21,0.96,62.71,60.95,52.3,0.88,33.28,60.95,42.21,0.88,37.15,0.96,1.88,1.09,0.90,1.06,37.99,1.06,60.39,0.90,54.35,0.74,1.06,53.32250078,33.27944859,40.3678,33.27944859,1.212994858,42.21468316,0.956250219,54.35389442,37.204829026725115,3.162970973274888,7.835381103936523
,,0.4,77.6,38.8,194.0,1.5,1.5,2.25,20.0,17.0,65.0,59.0,1.5,3.0,200.0,573.0,349.1066271,210000.0,0.3,1.0,28.1667,60.15,77.6,0.4,129.33,291.0,30.076,60.95,1.42,30.08,69.58,46.39,0.86,25.84,1.09,9.34,12.6,10.09,33.28,60.95,1.35,33.28,69.58,46.39,0.86,28.59,0.99,40.75,35.01,0.8,42.21,36.26,0.78,30.08,60.95,40.75,0.69,33.28,60.95,42.21,0.69,29.07,0.67,0.90,0.97,0.69,0.97,29.00,0.97,55.39,0.69,38.05,0.74,0.97,53.32250078,33.27944859,28.1667,28.58725394,0.98528876,36.26267618,0.776740797,38.0536475,28.206770001705006,0.04007000170500774,0.14226019272761006
,,0.6,116.4,58.2,194.0,1.5,1.5,2.25,20.0,17.0,65.0,59.0,1.5,3.0,200.0,573.0,349.1066271,210000.0,0.3,1.0,18.0585,42.66,116.4,0.6,129.33,291.0,21.33,60.95,1.69,21.33,55.87,37.25,0.69,14.71,1.23,9.34,12.6,10.09,33.28,60.95,1.35,33.28,55.87,37.25,0.69,22.95,0.79,36.1,24.9,0.73,42.21,29.12,0.62,21.33,60.95,36.1,0.43,33.28,60.95,42.21,0.43,17.96,0.43,0.64,1.01,0.46,0.93,19.33,0.93,53.19,0.46,24.36,0.74,0.93,53.32250078,33.27944859,18.0585,22.9542975,0.786715429,29.11732127,0.620197848,24.363162,18.210485694614075,0.1519856946140763,0.8416296736388754
,,0.8,155.2,77.6,194.0,1.5,1.5,2.25,20.0,17.0,65.0,59.0,1.5,3.0,200.0,573.0,349.1066271,210000.0,0.3,1.0,9.3011,31.84,155.2,0.8,129.33,291.0,15.92,60.95,1.96,15.92,42.16,28.11,0.52,8.29,1.12,9.34,12.6,10.09,33.28,60.95,1.35,33.28,42.16,28.11,0.52,17.32,0.54,32.5,16.92,0.55,42.21,21.97,0.42,15.92,60.95,32.5,0.16,33.28,60.95,42.21,0.16,6.85,0.22,0.48,1.36,0.23,0.96,9.67,0.96,51.39,0.23,11.77,0.79,0.96,53.32250078,33.27944859,9.3011,17.32134106,0.536973435,21.97196636,0.423316687,11.76897399,9.400639952138633,0.09953995213863287,1.070195483745287
6.0,200x65x20x2,0.0,0.0,0.0,192.0,2.0,2.0,3.0,20.0,16.0,65.0,57.0,2.0,4.0,200.0,569.0,349.1066271,210000.0,0.3,1.0,66.2976,355.53,0.0,0.0,96.0,384.0,177.766,80.43,0.67,80.43,96.0,48.0,0.89,71.5,0.93,9.34,12.6,10.09,79.71,80.43,1.0,65.26,96.0,48.0,0.89,58.01,1.14,87.71,77.96,0.85,68.16,60.59,1.09,177.77,80.43,87.71,Not Applicable,79.71,80.43,68.16,Not Applicable,68.16,0.97,2.23,#VALUE!,Not Applicable,#VALUE!,#VALUE!,#VALUE!,87.19,Not Applicable,#VALUE!,#VALUE!,#VALUE!,70.36371237,79.70633365,66.2976,58.00584886,1.142946811,60.59069663,1.094187783,87.18978711,66.397951135152,0.10035113515199612,0.1513646574717578
,,0.2,38.4,19.2,192.0,2.0,2.0,3.0,20.0,16.0,65.0,57.0,2.0,4.0,200.0,569.0,349.1066271,210000.0,0.3,1.0,60.2725,300.05,38.4,0.2,96.0,384.0,150.0265,80.43,0.73,80.43,82.43,41.22,0.76,61.39,0.98,9.34,12.6,10.09,79.71,80.43,1.0,65.26,82.43,41.22,0.76,49.81,1.21,83.35,63.61,0.95,68.16,52.03,1.16,150.03,80.43,83.35,0.88,79.71,80.43,68.16,0.88,59.98,0.88,1.88,1.00,0.90,0.98,61.35,0.98,85.47,0.90,76.92,0.78,0.98,70.36371237,79.70633365,60.2725,49.80714231,1.21011761,52.02664057,1.158493021,76.9219089,57.2462614988054,3.026238501194598,5.020927456459576
,,0.4,76.8,38.4,192.0,2.0,2.0,3.0,20.0,16.0,65.0,57.0,2.0,4.0,200.0,569.0,349.1066271,210000.0,0.3,1.0,44.8114,144.58,76.8,0.4,96.0,384.0,72.2875,80.43,1.05,62.15,68.86,34.43,0.64,39.62,1.13,9.34,12.6,10.09,79.71,80.43,1.0,65.26,68.86,34.43,0.64,41.61,1.08,65.99,42.08,1.06,68.16,43.46,1.03,72.29,80.43,65.99,0.69,79.71,80.43,68.16,0.69,46.94,0.66,0.91,0.95,0.69,0.96,46.83,0.96,78.44,0.69,53.89,0.83,0.96,70.36371237,79.70633365,44.8114,41.60843575,1.076978723,43.46258451,1.031033946,53.88639329,43.67140009928572,1.1399999007142796,2.5439952795812664
,,0.6,115.2,57.6,192.0,2.0,2.0,3.0,20.0,16.0,65.0,57.0,2.0,4.0,200.0,569.0,349.1066271,210000.0,0.3,1.0,28.3621,102.53,115.2,0.6,96.0,384.0,51.263,80.43,1.25,51.26,55.29,27.65,0.51,26.25,1.08,9.34,12.6,10.09,79.71,80.43,1.0,65.26,55.29,27.65,0.51,33.41,0.85,58.76,30.08,0.94,68.16,34.9,0.81,51.26,80.43,58.76,0.43,79.71,80.43,68.16,0.43,29.00,0.42,0.64,0.98,0.46,0.91,31.22,0.91,75.33,0.46,34.50,0.82,0.91,70.36371237,79.70633365,28.3621,33.4097292,0.848917387,34.89852845,0.812701889,34.50052708,28.32696254578725,0.035137454212751607,0.12388876075026745
,,0.8,153.6,76.8,192.0,2.0,2.0,3.0,20.0,16.0,65.0,57.0,2.0,4.0,200.0,569.0,349.1066271,210000.0,0.3,1.0,15.3184,76.56,153.6,0.8,96.0,384.0,38.281,80.43,1.45,38.28,41.72,20.86,0.39,14.79,1.04,9.34,12.6,10.09,79.71,80.43,1.0,65.26,41.72,20.86,0.39,25.21,0.61,53.11,20.52,0.75,68.16,26.33,0.58,38.28,80.43,53.11,0.16,79.71,80.43,68.16,0.16,11.06,0.22,0.48,1.39,0.23,0.98,15.61,0.98,72.78,0.23,16.67,0.92,0.98,70.36371237,79.70633365,15.3184,25.21102265,0.607607244,26.33447239,0.581686231,16.66740193,14.365974133616689,0.9524258663833116,6.217528373611549
7.0,200x65x20x2.5,0.0,0.0,0.0,190.0,2.5,2.5,3.75,20.0,15.0,65.0,55.0,2.5,5.0,200.0,565.0,349.1066271,210000.0,0.3,1.0,91.427,697.96,0.0,0.0,76.0,475.0,348.979,99.5,0.53,99.5,95.0,38.0,0.7,70.02,1.31,9.34,12.6,10.09,157.32,99.5,0.8,99.5,95.0,38.0,0.7,70.02,1.31,123.63,87.0,1.05,97.97,68.95,1.33,348.98,99.5,123.63,Not Applicable,157.32,99.5,97.97,Not Applicable,97.97,0.93,2.22,#VALUE!,Not Applicable,#VALUE!,#VALUE!,#VALUE!,112.51,Not Applicable,#VALUE!,#VALUE!,#VALUE!,87.03844629,157.3151322,91.427,70.01527355,1.30581508,68.94527975,1.32608063,112.5098697,92.16878928044017,0.7417892804401589,0.8113459704902916
,,0.2,38.0,19.0,190.0,2.5,2.5,3.75,20.0,15.0,65.0,55.0,2.5,5.0,200.0,565.0,349.1066271,210000.0,0.3,1.0,80.5548,590.34,38.0,0.2,76.0,475.0,295.1675,99.5,0.58,99.5,81.57,32.63,0.6,60.12,1.34,9.34,12.6,10.09,157.32,99.5,0.8,99.5,81.57,32.63,0.6,60.12,1.34,118.09,71.36,1.13,97.97,59.2,1.36,295.17,99.5,118.09,0.88,157.32,99.5,97.97,0.88,86.22,0.82,1.88,0.93,0.90,0.91,88.18,0.91,110.5,0.90,99.45,0.81,0.91,87.03844629,157.3151322,80.5548,60.11912181,1.339919772,59.20036388,1.360714609,99.45235222,79.67555693655257,0.8792430634474329,1.091484385098632
,,0.4,76.0,38.0,190.0,2.5,2.5,3.75,20.0,15.0,65.0,55.0,2.5,5.0,200.0,565.0,349.1066271,210000.0,0.3,1.0,60.0963,285.3,76.0,0.4,76.0,475.0,142.651,99.5,0.84,97.09,68.14,27.26,0.5,49.01,1.23,9.34,12.6,10.09,157.32,99.5,0.8,99.5,68.14,27.26,0.5,50.22,1.2,95.01,47.96,1.25,97.97,49.46,1.22,142.65,99.5,95.01,0.69,157.32,99.5,97.97,0.69,67.47,0.61,0.91,0.89,0.69,0.89,67.31,0.89,102.19,0.69,70.20,0.86,0.89,87.03844629,157.3151322,60.0963,50.22297007,1.196589925,49.45544802,1.21516036,70.20382008,61.16026028741775,1.0639602874177498,1.770425612588046
,,0.6,114.0,57.0,190.0,2.5,2.5,3.75,20.0,15.0,65.0,55.0,2.5,5.0,200.0,565.0,349.1066271,210000.0,0.3,1.0,40.156,202.97,114.0,0.6,76.0,475.0,101.485,99.5,0.99,81.9,54.72,21.89,0.41,33.19,1.21,9.34,12.6,10.09,157.32,99.5,0.8,99.5,54.72,21.89,0.41,40.33,1.0,85.12,34.5,1.16,97.97,39.71,1.01,101.49,99.5,85.12,0.43,157.32,99.5,97.97,0.43,41.68,0.41,0.65,0.96,0.46,0.89,44.87,0.89,98.51,0.46,45.12,0.89,0.89,87.03844629,157.3151322,40.156,40.32681833,0.995764151,39.71053215,1.011217877,45.1181475,40.055750881044204,0.10024911895579436,0.24964916564347633
,,0.8,152.0,76.0,190.0,2.5,2.5,3.75,20.0,15.0,65.0,55.0,2.5,5.0,200.0,565.0,349.1066271,210000.0,0.3,1.0,21.9463,150.47,152.0,0.8,76.0,475.0,75.236,99.5,1.15,70.51,41.29,16.52,0.31,21.57,1.02,9.34,12.6,10.09,157.32,99.5,0.8,99.5,41.29,16.52,0.31,30.43,0.72,77.04,23.56,0.93,97.97,29.97,0.73,75.24,99.5,77.04,0.16,157.32,99.5,97.97,0.16,15.89,0.22,0.48,1.38,0.23,0.98,22.44,0.98,95.39,0.23,21.84,1.00,0.98,87.03844629,157.3151322,21.9463,30.43066659,0.721190248,29.96561629,0.732382735,21.84356389,20.396343820713167,1.5499561792868342,7.06249426685516
8.0,200x65x20x3,0.0,0.0,0.0,188.0,3.0,3.0,4.5,20.0,14.0,65.0,53.0,3.0,6.0,200.0,561.0,349.1066271,210000.0,0.3,1.0,111.421,1210.2,0.0,0.0,62.67,564.0,605.1,118.14,0.44,118.14,94.0,31.33,0.58,68.55,1.63,9.34,12.6,10.09,274.73,118.14,0.66,118.14,94.0,31.33,0.58,68.55,1.63,118.14,68.55,1.63,130.77,75.88,1.47,605.1,118.14,161.6,Not Applicable,274.73,118.14,130.77,Not Applicable,130.77,0.85,2.20,#VALUE!,Not Applicable,#VALUE!,#VALUE!,#VALUE!,118.14,Not Applicable,#VALUE!,#VALUE!,#VALUE!,103.3467025,274.7324692,111.421,68.54902571,1.625420622,75.87682601,1.468445715,118.1376826,113.20425262435307,1.783252624353068,1.6004636687456295
,,0.2,37.6,18.8,188.0,3.0,3.0,4.5,20.0,14.0,65.0,53.0,3.0,6.0,200.0,561.0,349.1066271,210000.0,0.3,1.0,101.667,1026.3,37.6,0.2,62.67,564.0,513.15,118.14,0.48,118.14,80.71,26.9,0.5,58.86,1.73,9.34,12.6,10.09,274.73,118.14,0.66,118.14,80.71,26.9,0.5,58.86,1.73,118.14,58.86,1.73,130.77,65.15,1.56,513.15,118.14,155.2,0.88,274.73,118.14,130.77,0.88,115.07,0.78,1.87,0.88,0.90,0.86,117.69,0.86,118.14,0.90,106.32,0.96,0.86,103.3467025,274.7324692,101.667,58.86011748,1.727264646,65.15218629,1.560454158,106.3239143,98.71351178405871,2.9534882159412916,2.9050608515460192
,,0.4,75.2,37.6,188.0,3.0,3.0,4.5,20.0,14.0,65.0,53.0,3.0,6.0,200.0,561.0,349.1066271,210000.0,0.3,1.0,77.7232,494.33,75.2,0.4,62.67,564.0,247.167,118.14,0.69,118.14,67.43,22.48,0.42,49.17,1.58,9.34,12.6,10.09,274.73,118.14,0.66,118.14,67.43,22.48,0.42,49.17,1.58,118.14,49.17,1.58,130.77,54.43,1.43,247.17,118.14,126.73,0.69,274.73,118.14,130.77,0.69,90.05,0.59,0.90,0.86,0.69,0.87,89.84,0.87,118.14,0.69,81.16,0.96,0.87,103.3467025,274.7324692,77.7232,49.17120926,1.580664807,54.42754657,1.42801219,81.16058795,77.16512728155817,0.558072718441835,0.7180259156105706
,,0.6,112.8,56.4,188.0,3.0,3.0,4.5,20.0,14.0,65.0,53.0,3.0,6.0,200.0,561.0,349.1066271,210000.0,0.3,1.0,52.2108,351.678,112.8,0.6,62.67,564.0,175.839,118.14,0.82,117.47,54.14,18.05,0.33,39.26,1.33,9.34,12.6,10.09,274.73,118.14,0.66,118.14,54.14,18.05,0.33,39.48,1.32,118.14,39.48,1.32,130.77,43.7,1.19,175.84,118.14,114.15,0.43,274.73,118.14,130.77,0.43,55.63,0.4,0.64,0.94,0.46,0.87,59.89,0.87,118.14,0.46,54.11,0.96,0.87,103.3467025,274.7324692,52.2108,39.48230103,1.322384933,43.70290685,1.194675681,54.10705864,52.31106755023133,0.1002675502313295,0.19204369638337182
,,0.8,150.4,75.2,188.0,3.0,3.0,4.5,20.0,14.0,65.0,53.0,3.0,6.0,200.0,561.0,349.1066271,210000.0,0.3,1.0,28.4953,261.481,150.4,0.8,62.67,564.0,130.7405,118.14,0.95,101.29,40.86,13.62,0.25,25.54,1.12,9.34,12.6,10.09,274.73,118.14,0.66,118.14,40.86,13.62,0.25,29.79,0.96,118.14,29.79,0.96,130.77,32.98,0.86,130.74,118.14,103.81,0.16,274.73,118.14,130.77,0.16,21.21,0.22,0.48,1.34,0.23,0.95,29.95,0.95,118.14,0.23,27.05,1.05,0.95,103.3467025,274.7324692,28.4953,29.7933928,0.956430179,32.97826713,0.864062987,27.05352932,28.595199400989802,0.09989940098980199,0.35058202928132703
9.0,250x70x22x1.5,0.0,0.0,0.0,244.0,1.5,1.5,2.25,22.0,19.0,70.0,64.0,1.5,3.0,250.0,673.0,349.1066271,210000.0,0.3,1.0,43.9608,117.17,0.0,0.0,162.6666667,366.0,58.585,76.66,1.14,54.62,122.0,81.33,1.0,54.62,0.8,9.34,12.6,10.09,26.46,76.66,1.7,26.46,122.0,81.33,1.0,26.46,1.66,59.57,59.57,0.74,45.18,45.18,0.97,58.59,76.66,59.57,Not Applicable,26.46,76.66,45.18,Not Applicable,45.18,0.97,2.21,#VALUE!,Not Applicable,#VALUE!,#VALUE!,#VALUE!,73.39,Not Applicable,#VALUE!,#VALUE!,#VALUE!,67.06541335,26.45988945,43.9608,26.45988945,1.661412837,45.18445277,0.972918721,118.1376826,47.26914327269094,3.3083432726909408,7.5256666682383875
,,0.2,48.8,24.4,244.0,1.5,1.5,2.25,22.0,19.0,70.0,64.0,1.5,3.0,250.0,673.0,349.1066271,210000.0,0.3,1.0,40.7333,98.945,48.8,0.2,162.6666667,366.0,49.4725,76.66,1.24,49.47,104.76,69.84,1.0,49.47,0.82,9.34,12.6,10.09,26.46,76.66,1.7,26.46,104.76,69.84,1.0,26.46,1.54,56.24,56.24,0.72,45.18,45.18,0.9,49.47,76.66,56.24,0.88,26.46,76.66,45.18,0.88,39.76,0.9,1.87,1.02,0.90,1.00,40.67,1.00,71.94,0.90,64.75,0.63,1.00,67.06541335,26.45988945,40.7333,26.45988945,1.539435759,45.18445277,0.901489285,64.74716221,41.58440328720498,0.8511032872049782,2.089453315113134
,,0.4,97.6,48.8,244.0,1.5,1.5,2.25,22.0,19.0,70.0,64.0,1.5,3.0,250.0,673.0,349.1066271,210000.0,0.3,1.0,31.9066,47.587,97.6,0.4,162.6666667,366.0,23.7935,76.66,1.8,23.79,87.51,58.34,1.0,23.79,1.34,9.34,12.6,10.09,26.46,76.66,1.7,26.46,87.51,58.34,1.0,26.46,1.21,43.5,43.5,0.73,45.18,45.18,0.71,23.79,76.66,43.5,0.69,26.46,76.66,45.18,0.69,31.11,0.71,0.90,1.03,0.69,1.03,31.04,1.03,66.0,0.69,45.34,0.70,1.03,67.06541335,26.45988945,31.9066,26.45988945,1.20584782,45.18445277,0.706141118,45.34416833,31.482527673991434,0.4240723260085666,1.3291053450024966
,,0.6,146.4,73.2,244.0,1.5,1.5,2.25,22.0,19.0,70.0,64.0,1.5,3.0,250.0,673.0,349.1066271,210000.0,0.3,1.0,19.9265,33.618,146.4,0.6,162.6666667,366.0,16.809,76.66,2.14,16.81,70.27,46.85,0.87,14.58,1.37,9.34,12.6,10.09,26.46,76.66,1.7,26.46,70.27,46.85,0.87,22.95,0.87,38.36,33.28,0.6,45.18,39.2,0.51,16.81,76.66,38.36,0.43,26.46,76.66,45.18,0.43,19.22,0.44,0.64,1.04,0.46,0.96,20.69,0.96,63.36,0.46,29.02,0.69,0.96,67.06541335,26.45988945,19.9265,22.9542975,0.868094526,39.19809919,0.508353732,29.01727972,19.826451476011012,0.10004852398898834,0.502087792582683
,,0.8,195.2,97.6,244.0,1.5,1.5,2.25,22.0,19.0,70.0,64.0,1.5,3.0,250.0,673.0,349.1066271,210000.0,0.3,1.0,9.7377,24.913,195.2,0.8,162.6666667,366.0,12.4565,76.66,2.48,12.46,53.02,35.35,0.65,8.15,1.19,9.34,12.6,10.09,26.46,76.66,1.7,26.46,53.02,35.35,0.65,17.32,0.56,34.37,22.5,0.43,45.18,29.58,0.33,12.46,76.66,34.37,0.16,26.46,76.66,45.18,0.16,7.33,0.22,0.47,1.33,0.23,0.94,10.35,0.94,61.16,0.23,14.01,0.70,0.94,67.06541335,26.45988945,9.7377,17.32134106,0.562179335,29.57893375,0.32921065,14.00532751,10.140413690380612,0.40271369038061167,4.135614060616076
10.0,250x70x22x2,0.0,0.0,0.0,242.0,2.0,2.0,3.0,22.0,18.0,70.0,62.0,2.0,4.0,250.0,669.0,349.1066271,210000.0,0.3,1.0,74.4909,279.0,0.0,0.0,121.0,484.0,139.5,101.38,0.85,96.92,121.0,60.5,1.0,96.92,0.77,9.34,12.6,10.09,63.24,101.38,1.27,63.24,121.0,60.5,1.0,63.24,1.18,95.56,95.56,0.78,73.51,73.51,1.01,139.5,101.38,95.56,Not Applicable,63.24,101.38,73.51,Not Applicable,73.51,1.01,2.21,#VALUE!,Not Applicable,#VALUE!,#VALUE!,#VALUE!,103.99,Not Applicable,#VALUE!,#VALUE!,#VALUE!,88.6875958,63.2380829,74.4909,63.2380829,1.177943679,73.51436045,1.013283657,103.9927627,74.37913609334586,0.11176390665413294,0.15003699331614054
,,0.2,48.4,24.2,242.0,2.0,2.0,3.0,22.0,18.0,70.0,62.0,2.0,4.0,250.0,669.0,349.1066271,210000.0,0.3,1.0,68.6222,236.529,48.4,0.2,121.0,484.0,118.2645,101.38,0.93,89.24,103.9,51.95,0.96,85.85,0.8,9.34,12.6,10.09,63.24,101.38,1.27,63.24,103.9,51.95,0.96,60.84,1.13,90.62,87.18,0.79,73.51,70.72,0.97,118.26,101.38,90.62,0.88,63.24,101.38,73.51,0.88,64.69,0.93,1.87,1.06,0.90,1.04,66.16,1.04,101.99,0.90,91.79,0.75,1.04,88.6875958,63.2380829,68.6222,60.83592957,1.127988024,70.72185383,0.970311103,91.79470429,65.07814099092754,3.5440590090724697,5.164595435693506
,,0.4,96.8,48.4,242.0,2.0,2.0,3.0,22.0,18.0,70.0,62.0,2.0,4.0,250.0,669.0,349.1066271,210000.0,0.3,1.0,48.0657,113.25,96.8,0.4,121.0,484.0,56.625,101.38,1.34,56.63,86.8,43.4,0.8,45.51,1.06,9.34,12.6,10.09,63.24,101.38,1.27,63.24,86.8,43.4,0.8,50.82,0.95,70.77,56.87,0.85,73.51,59.08,0.81,56.63,101.38,70.77,0.69,63.24,101.38,73.51,0.69,50.62,0.65,0.90,0.95,0.69,0.95,50.50,0.95,93.53,0.69,64.26,0.75,0.95,88.6875958,63.2380829,48.0657,50.82178479,0.945769618,59.08039641,0.813564277,64.25705596,49.17028425397286,1.1045842539728596,2.2980717101235593
,,0.6,145.2,72.6,242.0,2.0,2.0,3.0,22.0,18.0,70.0,62.0,2.0,4.0,250.0,669.0,349.1066271,210000.0,0.3,1.0,30.5886,80.3,145.2,0.6,121.0,484.0,40.15,101.38,1.59,40.15,69.69,34.85,0.65,25.91,1.18,9.34,12.6,10.09,63.24,101.38,1.27,63.24,69.69,34.85,0.65,40.81,0.75,62.74,40.49,0.76,73.51,47.44,0.64,40.15,101.38,62.74,0.43,63.24,101.38,73.51,0.43,31.27,0.42,0.63,0.98,0.46,0.91,33.67,0.91,89.82,0.46,41.14,0.74,0.91,88.6875958,63.2380829,30.5886,40.80764,0.749580226,47.43893899,0.644799413,41.13933519,31.182519001870666,0.5939190018706668,1.9416351250814579
,,0.8,193.6,96.8,242.0,2.0,2.0,3.0,22.0,18.0,70.0,62.0,2.0,4.0,250.0,669.0,349.1066271,210000.0,0.3,1.0,16.1946,59.436,193.6,0.8,121.0,484.0,29.718,101.38,1.85,29.72,52.59,26.3,0.49,14.47,1.12,9.34,12.6,10.09,63.24,101.38,1.27,63.24,52.59,26.3,0.49,30.79,0.53,56.36,27.44,0.59,73.51,35.8,0.45,29.72,101.38,56.36,0.16,63.24,101.38,73.51,0.16,11.92,0.22,0.47,1.36,0.23,0.96,16.83,0.96,86.7,0.23,19.85,0.82,0.96,88.6875958,63.2380829,16.1946,30.79349522,0.52590977,35.79748157,0.452394953,19.85381339,16.094535271119536,0.10006472888046503,0.617889474766064
11.0,250x70x22x2.5,0.0,0.0,0.0,240.0,2.5,2.5,3.75,22.0,17.0,70.0,60.0,2.5,5.0,250.0,665.0,349.1066271,210000.0,0.3,1.0,104.523,548.258,0.0,0.0,96.0,600.0,274.129,125.68,0.68,125.68,120.0,48.0,0.89,111.71,0.94,9.34,12.6,10.09,124.54,125.68,1.0,101.96,120.0,48.0,0.89,90.63,1.15,136.51,121.34,0.86,106.51,94.67,1.1,274.13,125.68,136.51,Not Applicable,124.54,125.68,106.51,Not Applicable,125.68,0.98,2.20,#VALUE!,Not Applicable,#VALUE!,#VALUE!,#VALUE!,136.08,Not Applicable,#VALUE!,#VALUE!,#VALUE!,109.9433006,124.5411463,104.523,90.63413884,1.153240946,94.67296348,1.104042761,136.0845755,105.25810091709067,0.7351009170906764,0.7032910623409933
,,0.2,48.0,24.0,240.0,2.5,2.5,3.75,22.0,17.0,70.0,60.0,2.5,5.0,250.0,665.0,349.1066271,210000.0,0.3,1.0,91.7876,465.048,48.0,0.2,96.0,600.0,232.524,125.68,0.74,125.68,103.04,41.22,0.76,95.92,0.96,9.34,12.6,10.09,124.54,125.68,1.0,101.96,103.04,41.22,0.76,77.82,1.18,129.91,99.15,0.93,106.51,81.29,1.13,232.52,125.68,129.91,0.88,124.54,125.68,106.51,0.88,93.73,0.86,1.87,0.98,0.90,0.96,95.86,0.96,133.48,0.90,120.13,0.76,0.96,109.9433006,124.5411463,91.7876,77.82365985,1.179430525,81.29162589,1.129115072,120.1314786,91.88762618759839,0.1000261875983881,0.1089757086996371
,,0.4,96.0,48.0,240.0,2.5,2.5,3.75,22.0,17.0,70.0,60.0,2.5,5.0,250.0,665.0,349.1066271,210000.0,0.3,1.0,67.8789,222.554,96.0,0.4,96.0,600.0,111.277,125.68,1.06,96.38,86.08,34.43,0.64,61.45,1.1,9.34,12.6,10.09,124.54,125.68,1.0,101.96,86.08,34.43,0.64,65.01,1.04,102.6,65.42,1.04,106.51,67.91,1.0,111.28,125.68,102.6,0.69,124.54,125.68,106.51,0.69,73.34,0.64,0.89,0.93,0.69,0.93,73.17,0.93,122.41,0.69,84.09,0.81,0.93,109.9433006,124.5411463,67.8789,65.01318086,1.044079048,67.91028829,0.999537798,84.09309665,69.58770086186955,1.7088008618695483,2.5174256828993222
,,0.6,144.0,72.0,240.0,2.5,2.5,3.75,22.0,17.0,70.0,60.0,2.5,5.0,250.0,665.0,349.1066271,210000.0,0.3,1.0,44.0768,157.683,144.0,0.6,96.0,600.0,78.8415,125.68,1.26,78.84,69.12,27.65,0.51,40.36,1.09,9.34,12.6,10.09,124.54,125.68,1.0,101.96,69.12,27.65,0.51,52.2,0.84,91.31,46.75,0.94,106.51,54.53,0.81,78.84,125.68,91.31,0.43,124.54,125.68,106.51,0.43,45.31,0.41,0.63,0.97,0.46,0.90,48.78,0.90,117.54,0.46,53.84,0.82,0.90,109.9433006,124.5411463,44.0768,52.20270188,0.844339439,54.5289507,0.80831924,53.83558804,44.459813964621716,0.38301396462171766,0.8689695364039987
,,0.8,192.0,96.0,240.0,2.5,2.5,3.75,22.0,17.0,70.0,60.0,2.5,5.0,250.0,665.0,349.1066271,210000.0,0.3,1.0,23.5989,116.862,192.0,0.8,96.0,600.0,58.431,125.68,1.47,58.43,52.16,20.86,0.39,22.57,1.05,9.34,12.6,10.09,124.54,125.68,1.0,101.96,52.16,20.86,0.39,39.39,0.6,82.3,31.8,0.74,106.51,41.15,0.57,58.43,125.68,82.3,0.16,124.54,125.68,106.51,0.16,17.28,0.22,0.47,1.37,0.23,0.97,24.39,0.97,113.47,0.23,25.99,0.91,0.97,109.9433006,124.5411463,23.5989,39.39222289,0.599075103,41.1476131,0.573518078,25.98548409,22.982508447903097,0.6163915520969034,2.611950354028804
12.0,250x70x22x3,0.0,0.0,0.0,238.0,3.0,3.0,4.5,22.0,16.0,70.0,58.0,3.0,6.0,250.0,661.0,349.1066271,210000.0,0.3,1.0,131.184,951.025,0.0,0.0,79.33333333,714.0,475.5125,149.56,0.56,149.56,119.0,39.67,0.73,109.86,1.19,9.34,12.6,10.09,217.02,149.56,0.83,146.83,119.0,39.67,0.73,107.85,1.22,180.95,132.92,0.99,143.36,105.3,1.25,475.51,149.56,180.95,Not Applicable,217.02,149.56,143.36,Not Applicable,149.56,0.92,2.19,#VALUE!,Not Applicable,#VALUE!,#VALUE!,#VALUE!,169.26,Not Applicable,#VALUE!,#VALUE!,#VALUE!,130.8325277,217.0155639,131.184,107.8546252,1.216303888,105.3046391,1.245757083,169.2643712,130.76144581190104,0.42255418809895673,0.3221080223952286
,,0.2,47.6,23.8,238.0,3.0,3.0,4.5,22.0,16.0,70.0,58.0,3.0,6.0,250.0,661.0,349.1066271,210000.0,0.3,1.0,120.077,808.211,47.6,0.2,79.33333333,714.0,404.1055,149.56,0.61,149.56,102.18,34.06,0.63,94.33,1.27,9.34,12.6,10.09,217.02,149.56,0.83,146.83,102.18,34.06,0.63,92.61,1.3,172.89,109.05,1.1,143.36,90.42,1.33,404.11,149.56,172.89,0.88,217.02,149.56,143.36,0.88,126.15,0.84,1.86,0.95,0.90,0.93,129.02,0.93,166.06,0.90,149.46,0.80,0.93,130.8325277,217.0155639,120.077,92.61015522,1.296585668,90.42059114,1.327982913,149.456547,114.90796227791031,5.1690377220896835,4.304769208166163
,,0.4,95.2,47.6,238.0,3.0,3.0,4.5,22.0,16.0,70.0,58.0,3.0,6.0,250.0,661.0,349.1066271,210000.0,0.3,1.0,87.6994,386.284,95.2,0.4,79.33333333,714.0,193.142,149.56,0.88,138.52,85.36,28.45,0.53,72.99,1.2,9.34,12.6,10.09,217.02,149.56,0.83,146.83,85.36,28.45,0.53,77.37,1.13,138.14,72.79,1.2,143.36,75.54,1.16,193.14,149.56,138.14,0.69,217.02,149.56,143.36,0.69,98.71,0.61,0.89,0.89,0.69,0.89,98.49,0.89,152.27,0.69,104.61,0.84,0.89,130.8325277,217.0155639,87.6994,77.36568523,1.133569744,75.53654322,1.161019505,104.6105382,88.33147958306236,0.6320795830623638,0.7207342160406613
,,0.6,142.8,71.4,238.0,3.0,3.0,4.5,22.0,16.0,70.0,58.0,3.0,6.0,250.0,661.0,349.1066271,210000.0,0.3,1.0,58.0491,274.04,142.8,0.6,79.33333333,714.0,137.02,149.56,1.04,116.67,68.54,22.85,0.42,49.36,1.18,9.34,12.6,10.09,217.02,149.56,0.83,146.83,68.54,22.85,0.42,62.12,0.93,123.49,52.25,1.11,143.36,60.65,0.96,137.02,149.56,123.49,0.43,217.02,149.56,143.36,0.43,60.98,0.4,0.63,0.95,0.46,0.88,65.66,0.88,146.25,0.46,66.98,0.87,0.88,130.8325277,217.0155639,58.0491,62.12121523,0.93444888,60.65249529,0.957076864,66.9822665,57.94906134086357,0.1000386591364304,0.17233455667087066
,,0.8,190.4,95.2,238.0,3.0,3.0,4.5,22.0,16.0,70.0,58.0,3.0,6.0,250.0,661.0,349.1066271,210000.0,0.3,1.0,30.6741,203.168,190.4,0.8,79.33333333,714.0,101.584,149.56,1.21,100.46,51.72,17.24,0.32,32.07,0.96,9.34,12.6,10.09,217.02,149.56,0.83,146.83,51.72,17.24,0.32,46.88,0.65,111.66,35.65,0.86,143.36,45.77,0.67,101.58,149.56,111.66,0.16,217.02,149.56,143.36,0.16,23.25,0.21,0.47,1.32,0.23,0.93,32.83,0.93,141.19,0.23,32.33,0.95,0.93,130.8325277,217.0155639,30.6741,46.87674524,0.654356437,45.76844737,0.670201892,32.33309806,31.20705969803777,0.5329596980377715,1.7374909061317907
13.0,300x75x25x1.5,0.0,0.0,0.0,294.0,1.5,1.5,2.25,25.0,22.0,75.0,69.0,1.5,3.0,300.0,773.0,349.1066271,210000.0,0.3,1.0,52.4148,96.296,0.0,0.0,196.0,441.0,48.148,92.37,1.39,48.15,147.0,98.0,1.0,48.15,1.09,9.34,12.6,10.09,21.96,92.37,2.05,21.96,147.0,98.0,1.0,21.96,2.39,62.95,62.95,0.83,47.61,47.61,1.1,48.15,92.37,62.95,Not Applicable,21.96,92.37,47.61,Not Applicable,92.37,1.1,2.19,#VALUE!,Not Applicable,#VALUE!,#VALUE!,#VALUE!,84.53,Not Applicable,#VALUE!,#VALUE!,#VALUE!,80.80832592,21.95990825,52.4148,21.95990825,2.386840573,47.60690911,1.100991452,84.53271976,52.51492444390167,0.10012444390167019,0.1910232298924544
,,0.2,58.8,29.4,294.0,1.5,1.5,2.25,25.0,22.0,75.0,69.0,1.5,3.0,300.0,773.0,349.1066271,210000.0,0.3,1.0,47.5734,81.646,58.8,0.2,196.0,441.0,40.823,92.37,1.5,40.82,126.22,84.15,1.0,40.82,1.17,9.34,12.6,10.09,21.96,92.37,2.05,21.96,126.22,84.15,1.0,21.96,2.17,59.42,59.42,0.8,47.61,47.61,1.0,40.82,92.37,59.42,0.88,21.96,92.37,47.61,0.88,41.89,1.0,1.86,1.14,0.90,1.11,42.85,1.11,82.91,0.90,74.62,0.64,1.11,80.80832592,21.95990825,47.5734,21.95990825,2.166375171,47.60690911,0.999296129,74.61618788,47.08306020563128,0.49033979436872244,1.0307015987268566
,,0.4,117.6,58.8,294.0,1.5,1.5,2.25,25.0,22.0,75.0,69.0,1.5,3.0,300.0,773.0,349.1066271,210000.0,0.3,1.0,34.9766,39.09,117.6,0.4,196.0,441.0,19.545,92.37,2.17,19.55,105.45,70.3,1.0,19.55,1.79,9.34,12.6,10.09,21.96,92.37,2.05,21.96,105.45,70.3,1.0,21.96,1.59,45.63,45.63,0.77,47.61,47.61,0.73,19.55,92.37,45.63,0.69,21.96,92.37,47.61,0.69,32.78,0.73,0.89,1.07,0.69,1.07,32.71,1.07,76.02,0.69,52.23,0.67,1.07,80.80832592,21.95990825,34.9766,21.95990825,1.592748002,47.60690911,0.73469588,52.22565059,35.38734763363418,0.41074763363418043,1.1743498042525016
,,0.6,176.4,88.2,294.0,1.5,1.5,2.25,25.0,22.0,75.0,69.0,1.5,3.0,300.0,773.0,349.1066271,210000.0,0.3,1.0,21.5568,27.58,176.4,0.6,196.0,441.0,13.79,92.37,2.59,13.79,84.67,56.45,1.0,13.79,1.56,9.34,12.6,10.09,21.96,92.37,2.05,21.96,84.67,56.45,1.0,21.96,0.98,40.14,40.14,0.54,47.61,47.61,0.45,13.79,92.37,40.14,0.43,21.96,92.37,47.61,0.43,20.25,0.45,0.63,1.06,0.46,0.99,21.80,0.99,72.96,0.46,33.42,0.65,0.99,80.80832592,21.95990825,21.5568,21.95990825,0.981643446,47.60690911,0.452808225,33.41529973,21.45642683979902,0.10037316020098075,0.4656218000861944
,,0.8,235.2,117.6,294.0,1.5,1.5,2.25,25.0,22.0,75.0,69.0,1.5,3.0,300.0,773.0,349.1066271,210000.0,0.3,1.0,10.289,15.004,235.2,0.8,196.0,441.0,7.502,92.37,3.51,7.5,63.89,42.59,0.79,5.92,1.74,9.34,12.6,10.09,21.96,92.37,2.05,21.96,63.89,42.59,0.79,17.32,0.59,31.98,25.22,0.41,47.61,37.55,0.27,7.5,92.37,31.98,0.16,21.96,92.37,47.61,0.16,7.72,0.22,0.34,1.33,0.23,0.94,10.90,0.94,67.91,0.23,15.55,0.66,0.94,80.80832592,21.95990825,10.289,17.32134106,0.594007125,37.55095422,0.274001026,15.550574,10.38898601555055,0.09998601555055053,0.9717758339056326
14.0,300x75x25x2,0.0,0.0,0.0,292.0,2.0,2.0,3.0,25.0,21.0,75.0,67.0,2.0,4.0,300.0,769.0,349.1066271,210000.0,0.3,1.0,81.7077,229.476,0.0,0.0,146.0,584.0,114.738,122.33,1.03,96.55,146.0,73.0,1.0,96.55,0.85,9.34,12.6,10.09,52.41,122.33,1.53,52.41,146.0,73.0,1.0,52.41,1.56,101.8,101.8,0.8,77.84,77.84,1.05,114.74,122.33,101.8,Not Applicable,52.41,122.33,77.84,Not Applicable,77.84,1.05,2.19,#VALUE!,Not Applicable,#VALUE!,#VALUE!,#VALUE!,119.95,Not Applicable,#VALUE!,#VALUE!,#VALUE!,107.0114792,52.40964405,81.7077,52.40964405,1.559020319,77.83833649,1.049710254,119.9524735,81.3366020664373,0.3710979335627087,0.45417743194669374
,,0.2,58.4,29.2,292.0,2.0,2.0,3.0,25.0,21.0,75.0,67.0,2.0,4.0,300.0,769.0,349.1066271,210000.0,0.3,1.0,72.8256,194.768,58.4,0.2,146.0,584.0,97.384,122.33,1.12,88.95,125.36,62.68,1.0,88.95,0.82,9.34,12.6,10.09,52.41,122.33,1.53,52.41,125.36,62.68,1.0,52.41,1.39,96.37,96.37,0.76,77.84,77.84,0.94,97.38,122.33,96.37,0.88,52.41,122.33,77.84,0.88,68.50,0.94,1.86,1.06,0.90,1.04,70.05,1.04,117.66,0.90,105.90,0.69,1.04,107.0114792,52.40964405,72.8256,52.40964405,1.389545785,77.83833649,0.935600673,105.8955526,71.94832543024026,0.8772745697597344,1.2046238819312638
,,0.4,116.8,58.4,292.0,2.0,2.0,3.0,25.0,21.0,75.0,67.0,2.0,4.0,300.0,769.0,349.1066271,210000.0,0.3,1.0,53.4157,93.116,116.8,0.4,146.0,584.0,46.558,122.33,1.62,46.56,104.73,52.36,0.97,45.15,1.18,9.34,12.6,10.09,52.41,122.33,1.53,52.41,104.73,52.36,0.97,50.82,1.05,74.65,72.39,0.74,77.84,75.48,0.71,46.56,122.33,74.65,0.69,52.41,122.33,77.84,0.69,53.60,0.69,0.89,1.00,0.69,1.00,53.47,1.00,107.88,0.69,74.11,0.72,1.00,107.0114792,52.40964405,53.4157,50.82178479,1.051039436,75.48006206,0.707679598,74.11130933,53.79163495044484,0.3759349504448366,0.7037911146813326
,,0.6,175.2,87.6,292.0,2.0,2.0,3.0,25.0,21.0,75.0,67.0,2.0,4.0,300.0,769.0,349.1066271,210000.0,0.3,1.0,33.2795,65.677,175.2,0.6,146.0,584.0,32.8385,122.33,1.93,32.84,84.09,42.05,0.78,25.57,1.3,9.34,12.6,10.09,52.41,122.33,1.53,52.41,84.09,42.05,0.78,40.81,0.82,65.88,51.3,0.65,77.84,60.61,0.55,32.84,122.33,65.88,0.43,52.41,122.33,77.84,0.43,33.11,0.43,0.63,1.01,0.46,0.93,35.65,0.93,103.53,0.46,47.42,0.70,0.93,107.0114792,52.40964405,33.2795,40.80764,0.815521309,60.60714343,0.549101939,47.41792613,33.179547092729216,0.09995290727078299,0.3003437770122237
,,0.8,233.6,116.8,292.0,2.0,2.0,3.0,25.0,21.0,75.0,67.0,2.0,4.0,300.0,769.0,349.1066271,210000.0,0.3,1.0,16.6709,35.69,233.6,0.8,146.0,584.0,17.845,122.33,2.62,17.85,63.46,31.73,0.59,10.48,1.59,9.34,12.6,10.09,52.41,122.33,1.53,52.41,63.46,31.73,0.59,30.79,0.54,52.71,30.97,0.54,77.84,45.73,0.36,17.85,122.33,52.71,0.16,52.41,122.33,77.84,0.16,12.63,0.21,0.34,1.32,0.23,0.94,17.82,0.94,96.35,0.23,22.07,0.76,0.94,107.0114792,52.40964405,16.6709,30.79349522,0.541377323,45.73422479,0.364516947,22.06523288,16.70316967702071,0.03226967702071093,0.1935688956247769
15.0,300x75x25x2.5,0.0,0.0,0.0,290.0,2.5,2.5,3.75,25.0,20.0,75.0,65.0,2.5,5.0,300.0,765.0,349.1066271,210000.0,0.3,1.0,113.455,450.209,0.0,0.0,116.0,725.0,225.1045,151.86,0.82,150.69,145.0,58.0,1.0,150.69,0.75,9.34,12.6,10.09,103.07,151.86,1.21,101.96,145.0,58.0,1.0,101.96,1.11,146.55,146.55,0.77,113.35,113.35,1.0,225.1,151.86,146.55,Not Applicable,103.07,151.86,113.35,Not Applicable,113.35,1.0,2.18,#VALUE!,Not Applicable,#VALUE!,#VALUE!,#VALUE!,157.14,Not Applicable,#VALUE!,#VALUE!,#VALUE!,132.8481549,103.0685349,113.455,101.9634062,1.112703118,113.3461924,1.000959958,157.1421763,114.41860611596869,0.9636061159686875,0.8493289109943921
,,0.2,58.0,29.0,290.0,2.5,2.5,3.75,25.0,20.0,75.0,65.0,2.5,5.0,300.0,765.0,349.1066271,210000.0,0.3,1.0,100.384,382.655,58.0,0.2,116.0,725.0,191.3275,151.86,0.89,138.92,124.51,49.8,0.92,128.12,0.78,9.34,12.6,10.09,103.07,151.86,1.21,101.96,124.51,49.8,0.92,94.04,1.07,139.16,128.34,0.78,113.35,104.53,0.96,191.33,151.86,139.16,0.88,103.07,151.86,113.35,0.88,99.74,0.89,1.86,1.01,0.90,0.98,102.01,0.98,154.17,0.90,138.75,0.72,0.98,132.8481549,103.0685349,100.384,94.03692232,1.067495591,104.5348276,0.960292395,138.7519297,101.0033925712897,0.6193925712896942,0.617023202193272
,,0.4,116.0,58.0,290.0,2.5,2.5,3.75,25.0,20.0,75.0,65.0,2.5,5.0,300.0,765.0,349.1066271,210000.0,0.3,1.0,76.9582,182.471,116.0,0.4,116.0,725.0,91.2355,151.86,1.29,91.24,104.01,41.6,0.77,70.29,1.09,9.34,12.6,10.09,103.07,151.86,1.21,101.96,104.01,41.6,0.77,78.56,0.98,108.71,83.75,0.92,113.35,87.33,0.88,91.24,151.86,108.71,0.69,103.07,151.86,113.35,0.69,78.05,0.68,0.89,0.99,0.69,0.99,77.87,0.99,141.31,0.69,97.08,0.79,0.99,132.8481549,103.0685349,76.9582,78.55759354,0.979640497,87.32744856,0.881260145,97.08195486,75.93457571363453,1.0236242863654752,1.3301042466760853
,,0.6,174.0,87.0,290.0,2.5,2.5,3.75,25.0,20.0,75.0,65.0,2.5,5.0,300.0,765.0,349.1066271,210000.0,0.3,1.0,46.5805,128.849,174.0,0.6,116.0,725.0,64.4245,151.86,1.54,64.42,83.52,33.41,0.62,39.86,1.17,9.34,12.6,10.09,103.07,151.86,1.21,101.96,83.52,33.41,0.62,63.08,0.74,96.3,59.57,0.78,113.35,70.12,0.66,64.42,151.86,96.3,0.43,103.07,151.86,113.35,0.43,48.22,0.41,0.63,0.97,0.46,0.90,51.91,0.90,135.64,0.46,62.12,0.75,0.90,132.8481549,103.0685349,46.5805,63.07826477,0.738455634,70.12006954,0.664296261,62.12494298,47.7491031363261,1.168603136326098,2.5087818643554662
,,0.8,232.0,116.0,290.0,2.5,2.5,3.75,25.0,20.0,75.0,65.0,2.5,5.0,300.0,765.0,349.1066271,210000.0,0.3,1.0,24.9078,95.393,232.0,0.8,116.0,725.0,47.6965,151.86,1.78,47.7,63.02,25.21,0.47,22.27,1.12,9.34,12.6,10.09,103.07,151.86,1.21,101.96,63.02,25.21,0.47,47.6,0.52,86.54,40.4,0.62,113.35,52.91,0.47,47.7,151.86,86.54,0.16,103.07,151.86,113.35,0.16,18.38,0.22,0.46,1.35,0.23,0.96,25.96,0.96,130.93,0.23,29.98,0.83,0.96,132.8481549,103.0685349,24.9078,47.59893599,0.523284806,52.91269051,0.470733954,29.98237211,24.807507190612057,0.10029280938794471,0.40265623374181864
16.0,300x75x25x3,0.0,0.0,0.0,288.0,3.0,3.0,4.5,25.0,19.0,75.0,63.0,3.0,6.0,300.0,761.0,349.1066271,210000.0,0.3,1.0,147.177,780.947,0.0,0.0,96.0,864.0,390.4735,180.98,0.68,180.98,144.0,48.0,0.89,160.87,0.91,9.34,12.6,10.09,179.34,180.98,1.0,146.83,144.0,48.0,0.89,130.51,1.13,195.93,174.16,0.85,153.37,136.33,1.08,390.47,180.98,195.93,Not Applicable,179.34,180.98,153.37,Not Applicable,180.98,0.96,2.18,#VALUE!,Not Applicable,#VALUE!,#VALUE!,#VALUE!,195.71,Not Applicable,#VALUE!,#VALUE!,#VALUE!,158.3183528,179.3392507,147.177,130.5131599,1.127679386,136.3290674,1.079571677,195.7115744,141.43270531975514,5.744294680244849,3.9029839446685615
,,0.2,57.6,28.8,288.0,3.0,3.0,4.5,25.0,19.0,75.0,63.0,3.0,6.0,300.0,761.0,349.1066271,210000.0,0.3,1.0,124.658,665.098,57.6,0.2,96.0,864.0,332.549,180.98,0.74,180.98,123.65,41.22,0.76,138.13,0.9,9.34,12.6,10.09,179.34,180.98,1.0,146.83,123.65,41.22,0.76,112.07,1.11,186.68,142.48,0.87,153.37,117.06,1.06,332.55,180.98,186.68,0.88,179.34,180.98,153.37,0.88,134.97,0.81,1.85,0.92,0.90,0.90,138.03,0.90,192.06,0.90,172.85,0.72,0.90,158.3183528,179.3392507,124.658,112.0660702,1.112361661,117.0599413,1.06490742,172.85023,125.85215055114327,1.1941505511432666,0.957941368498826
,,0.4,115.2,57.6,288.0,3.0,3.0,4.5,25.0,19.0,75.0,63.0,3.0,6.0,300.0,761.0,349.1066271,210000.0,0.3,1.0,99.6488,316.633,115.2,0.4,96.0,864.0,158.3165,180.98,1.07,137.95,103.29,34.43,0.64,87.96,1.13,9.34,12.6,10.09,179.34,180.98,1.0,146.83,103.29,34.43,0.64,93.62,1.06,147.16,93.83,1.06,153.37,97.79,1.02,158.32,180.98,147.16,0.69,179.34,180.98,153.37,0.69,105.61,0.65,0.88,0.94,0.69,0.95,105.37,0.95,176.02,0.69,120.92,0.82,0.95,158.3183528,179.3392507,99.6488,93.61898044,1.064408088,97.79081514,1.018999585,120.9223373,96.13481654358282,3.5139834564171792,3.5263680610475787
,,0.6,172.8,86.4,288.0,3.0,3.0,4.5,25.0,19.0,75.0,63.0,3.0,6.0,300.0,761.0,349.1066271,210000.0,0.3,1.0,62.9007,223.83,172.8,0.6,96.0,864.0,111.915,180.98,1.27,111.92,82.94,27.65,0.51,57.3,1.1,9.34,12.6,10.09,179.34,180.98,1.0,146.83,82.94,27.65,0.51,75.17,0.84,130.84,66.99,0.94,153.37,78.52,0.8,111.92,180.98,130.84,0.43,179.34,180.98,153.37,0.43,65.24,0.41,0.62,0.96,0.46,0.90,70.24,0.90,168.98,0.46,77.39,0.81,0.90,158.3183528,179.3392507,62.9007,75.1718907,0.836758254,78.52168901,0.801061475,77.39255742,62.12736424479601,0.7733357552039877,1.2294549268990451
,,0.8,230.4,115.2,288.0,3.0,3.0,4.5,25.0,19.0,75.0,63.0,3.0,6.0,300.0,761.0,349.1066271,210000.0,0.3,1.0,33.5497,165.797,230.4,0.8,96.0,864.0,82.8985,180.98,1.48,82.9,62.59,20.86,0.39,32.03,1.05,9.34,12.6,10.09,179.34,180.98,1.0,146.83,62.59,20.86,0.39,56.72,0.59,117.9,45.55,0.74,153.37,59.25,0.57,82.9,180.98,117.9,0.16,179.34,180.98,153.37,0.16,24.88,0.22,0.46,1.35,0.23,0.96,35.12,0.96,163.12,0.23,37.35,0.90,0.96,158.3183528,179.3392507,33.5497,56.72480096,0.591446765,59.25256287,0.566215171,37.35366092,33.650000360627146,0.10030036062714487,0.29896052908713006
17.0,350x120x28x1.5,0.0,0.0,0.0,344.0,1.5,1.5,2.25,28.0,25.0,120.0,114.0,1.5,3.0,350.0,873.0,349.1066271,210000.0,0.3,1.0,54.6878,86.539,0.0,0.0,229.3333333,516.0,43.2695,108.08,1.58,43.27,172.0,114.67,1.0,43.27,1.26,9.34,12.6,10.09,18.77,108.08,2.4,18.77,172.0,114.67,1.0,18.77,2.91,67.15,67.15,0.81,49.66,49.66,1.1,43.27,108.08,67.15,Not Applicable,18.77,108.08,49.66,Not Applicable,108.08,1.1,2.31,#VALUE!,Not Applicable,#VALUE!,#VALUE!,#VALUE!,95.88,Not Applicable,#VALUE!,#VALUE!,#VALUE!,94.5512385,18.76806112,54.6878,18.76806112,2.913875847,49.66103643,1.101221479,95.88449994,55.61545473376242,0.9276547337624166,1.6962736364644702
,,0.2,68.8,34.4,344.0,1.5,1.5,2.25,28.0,25.0,120.0,114.0,1.5,3.0,350.0,873.0,349.1066271,210000.0,0.3,1.0,50.7252,70.598,68.8,0.2,229.3333333,516.0,35.299,108.08,1.75,35.3,147.69,98.46,1.0,35.3,1.44,9.34,12.6,10.09,18.77,108.08,2.4,18.77,147.69,98.46,1.0,18.77,2.7,62.46,62.46,0.81,49.66,49.66,1.02,35.3,108.08,62.46,0.88,18.77,108.08,49.66,0.88,43.70,1.02,1.88,1.16,0.90,1.13,44.69,1.13,93.61,0.90,84.25,0.60,1.13,94.5512385,18.76806112,50.7252,18.76806112,2.702740559,49.66103643,1.021428541,84.25235947,50.41834273081356,0.3068572691864375,0.6049404816273519
,,0.4,137.6,68.8,344.0,1.5,1.5,2.25,28.0,25.0,120.0,114.0,1.5,3.0,350.0,873.0,349.1066271,210000.0,0.3,1.0,37.4733,34.384,137.6,0.4,229.3333333,516.0,17.192,108.08,2.51,17.19,123.38,82.25,1.0,17.19,2.18,9.34,12.6,10.09,18.77,108.08,2.4,18.77,123.38,82.25,1.0,18.77,2.0,48.08,48.08,0.78,49.66,49.66,0.75,17.19,108.08,48.08,0.69,18.77,108.08,49.66,0.69,34.20,0.75,0.92,1.10,0.69,1.10,34.12,1.10,86.01,0.69,59.09,0.63,1.10,94.5512385,18.76806112,37.4733,18.76806112,1.996652705,49.66103643,0.754581513,59.08734903,38.141603660600474,0.668303660600472,1.7834128849086468
,,0.6,206.4,103.2,344.0,1.5,1.5,2.25,28.0,25.0,120.0,114.0,1.5,3.0,350.0,873.0,349.1066271,210000.0,0.3,1.0,23.7806,24.389,206.4,0.6,229.3333333,516.0,12.1945,108.08,2.98,12.19,99.07,66.04,1.0,12.19,1.95,9.34,12.6,10.09,18.77,108.08,2.4,18.77,99.07,66.04,1.0,18.77,1.27,42.33,42.33,0.56,49.66,49.66,0.48,12.19,108.08,42.33,0.43,18.77,108.08,49.66,0.43,21.13,0.48,0.65,1.13,0.46,1.05,22.74,1.05,82.6,0.46,37.83,0.63,1.05,94.5512385,18.76806112,23.7806,18.76806112,1.267078141,49.66103643,0.47885831,37.82876984,23.251784217475514,0.5288157825244859,2.2237276709775444
,,0.8,275.2,137.6,344.0,1.5,1.5,2.25,28.0,25.0,120.0,114.0,1.5,3.0,350.0,873.0,349.1066271,210000.0,0.3,1.0,11.196,17.804,275.2,0.8,229.3333333,516.0,8.902,108.08,3.48,8.9,74.76,49.84,0.92,8.22,1.36,9.34,12.6,10.09,18.77,108.08,2.4,18.77,74.76,49.84,0.92,17.32,0.65,37.62,34.72,0.32,49.66,45.83,0.24,8.9,108.08,37.62,0.16,18.77,108.08,49.66,0.16,8.06,0.23,0.47,1.39,0.23,0.98,11.37,0.98,79.59,0.23,18.23,0.61,0.98,94.5512385,18.76806112,11.196,17.32134106,0.646370276,45.83295758,0.244278366,18.22539054,11.827515807487337,0.6315158074873377,5.640548477021595
18.0,350x120x28x2,0.0,0.0,0.0,342.0,2.0,2.0,3.0,28.0,24.0,120.0,112.0,2.0,4.0,350.0,869.0,349.1066271,210000.0,0.3,1.0,88.788,205.935,0.0,0.0,171.0,684.0,102.9675,143.27,1.18,98.99,171.0,85.5,1.0,98.99,0.9,9.34,12.6,10.09,44.75,143.27,1.79,44.75,171.0,85.5,1.0,44.75,1.98,109.04,109.04,0.81,81.48,81.48,1.09,102.97,143.27,109.04,Not Applicable,44.75,143.27,81.48,Not Applicable,143.27,1.09,2.30,#VALUE!,Not Applicable,#VALUE!,#VALUE!,#VALUE!,136.16,Not Applicable,#VALUE!,#VALUE!,#VALUE!,125.3353627,44.74741538,88.788,44.74741538,1.984203987,81.48001531,1.089690517,136.1611806,88.68800435895193,0.0999956410480678,0.11262292319690476
,,0.2,68.4,34.2,342.0,2.0,2.0,3.0,28.0,24.0,120.0,112.0,2.0,4.0,350.0,869.0,349.1066271,210000.0,0.3,1.0,80.071,168.457,68.4,0.2,171.0,684.0,84.2285,143.27,1.3,84.23,146.83,73.42,1.0,84.23,0.95,9.34,12.6,10.09,44.75,143.27,1.79,44.75,146.83,73.42,1.0,44.75,1.79,101.8,101.8,0.79,81.48,81.48,0.98,84.23,143.27,101.8,0.88,44.75,143.27,81.48,0.88,71.70,0.98,1.88,1.12,0.90,1.09,73.33,1.09,132.98,0.90,119.68,0.67,1.09,125.3353627,44.74741538,80.071,44.74741538,1.789399439,81.48001531,0.982707228,119.683381,79.51492435003082,0.5560756499691735,0.6944782130473873
,,0.4,136.8,68.4,342.0,2.0,2.0,3.0,28.0,24.0,120.0,112.0,2.0,4.0,350.0,869.0,349.1066271,210000.0,0.3,1.0,58.07,81.807,136.8,0.4,171.0,684.0,40.9035,143.27,1.87,40.9,122.66,61.33,1.0,40.9,1.42,9.34,12.6,10.09,44.75,143.27,1.79,44.75,122.66,61.33,1.0,44.75,1.3,78.89,78.89,0.74,81.48,81.48,0.71,40.9,143.27,78.89,0.69,44.75,143.27,81.48,0.69,56.11,0.71,0.91,1.03,0.69,1.04,55.98,1.04,122.14,0.69,83.91,0.69,1.04,125.3353627,44.74741538,58.07,44.74741538,1.297728584,81.48001531,0.712690097,83.91223674,59.53990334419029,1.4699033441902927,2.5312611403311394
,,0.6,205.2,102.6,342.0,2.0,2.0,3.0,28.0,24.0,120.0,112.0,2.0,4.0,350.0,869.0,349.1066271,210000.0,0.3,1.0,36.076,57.757,205.2,0.6,171.0,684.0,28.8785,143.27,2.23,28.88,98.49,49.25,0.91,26.34,1.37,9.34,12.6,10.09,44.75,143.27,1.79,44.75,98.49,49.25,0.91,40.81,0.88,69.53,63.41,0.57,81.48,74.31,0.49,28.88,143.27,69.53,0.43,44.75,143.27,81.48,0.43,34.66,0.44,0.65,1.04,0.46,0.97,37.32,0.97,117.24,0.46,53.69,0.67,0.97,125.3353627,44.74741538,36.076,40.80764,0.884050144,74.30612703,0.485505051,53.69414896,36.17595121928009,0.09995121928008643,0.2770573768712896
,,0.8,273.6,136.8,342.0,2.0,2.0,3.0,28.0,24.0,120.0,112.0,2.0,4.0,350.0,869.0,349.1066271,210000.0,0.3,1.0,17.601,42.128,273.6,0.8,171.0,684.0,21.064,143.27,2.61,21.06,74.32,37.16,0.69,14.5,1.21,9.34,12.6,10.09,44.75,143.27,1.79,44.75,74.32,37.16,0.69,30.79,0.57,61.91,42.6,0.41,81.48,56.07,0.31,21.06,143.27,61.91,0.16,44.75,143.27,81.48,0.16,13.22,0.22,0.47,1.33,0.23,0.94,18.66,0.94,112.96,0.23,25.87,0.68,0.94,125.3353627,44.74741538,17.601,30.79349522,0.571581754,56.07149463,0.313902815,25.8672485,17.500927488392023,0.10007251160797637,0.568561511323086
19.0,350x120x28x2.5,0.0,0.0,0.0,340.0,2.5,2.5,3.75,28.0,23.0,120.0,110.0,2.5,5.0,350.0,865.0,349.1066271,210000.0,0.3,1.0,125.937,403.61,0.0,0.0,136.0,850.0,201.805,178.04,0.94,154.49,170.0,68.0,1.0,154.49,0.82,9.34,12.6,10.09,87.91,178.04,1.42,87.91,170.0,68.0,1.0,87.91,1.43,157.67,157.67,0.8,119.07,119.07,1.06,201.81,178.04,157.67,Not Applicable,87.91,178.04,119.07,Not Applicable,174.08,1.06,2.30,#VALUE!,Not Applicable,#VALUE!,#VALUE!,#VALUE!,178.52,Not Applicable,#VALUE!,#VALUE!,#VALUE!,155.7530092,87.91139741,125.937,87.91139741,1.432544627,119.0707729,1.057665092,178.517181,126.03715234777519,0.1001523477751931,0.07952575317435949
,,0.2,68.0,34.0,340.0,2.5,2.5,3.75,28.0,23.0,120.0,110.0,2.5,5.0,350.0,865.0,349.1066271,210000.0,0.3,1.0,111.826,330.883,68.0,0.2,136.0,850.0,165.4415,178.04,1.04,139.88,145.97,58.39,1.0,139.88,0.8,9.34,12.6,10.09,87.91,178.04,1.42,87.91,145.97,58.39,1.0,87.91,1.27,147.71,147.71,0.76,119.07,119.07,0.94,165.44,178.04,147.71,0.88,87.91,178.04,119.07,0.88,104.78,0.94,1.88,1.07,0.90,1.04,107.16,1.04,174.4,0.90,156.96,0.71,1.04,155.7530092,87.91139741,111.826,87.91139741,1.272030741,119.0707729,0.939155741,156.9565448,113.43057933541706,1.6045793354170712,1.4348893239649736
,,0.4,136.0,68.0,340.0,2.5,2.5,3.75,28.0,23.0,120.0,110.0,2.5,5.0,350.0,865.0,349.1066271,210000.0,0.3,1.0,85.588,160.383,136.0,0.4,136.0,850.0,80.1915,178.04,1.49,80.19,121.94,48.78,0.9,72.44,1.18,9.34,12.6,10.09,87.91,178.04,1.42,87.91,121.94,48.78,0.9,79.41,1.08,115.3,104.15,0.82,119.07,107.55,0.8,80.19,178.04,115.3,0.69,87.91,178.04,119.07,0.69,81.99,0.72,0.91,1.04,0.69,1.05,81.80,1.05,160.16,0.69,110.03,0.78,1.05,155.7530092,87.91139741,85.588,79.40903873,1.077811813,107.5548324,0.795761548,110.0266112,85.68761040465724,0.09961040465724125,0.11638361061976124
,,0.6,204.0,102.0,340.0,2.5,2.5,3.75,28.0,23.0,120.0,110.0,2.5,5.0,350.0,865.0,349.1066271,210000.0,0.3,1.0,53.5347,113.242,204.0,0.6,136.0,850.0,56.621,178.04,1.77,56.62,97.92,39.17,0.73,41.07,1.3,9.34,12.6,10.09,87.91,178.04,1.42,87.91,97.92,39.17,0.73,63.76,0.84,101.91,73.92,0.72,119.07,86.36,0.62,56.62,178.04,101.91,0.43,87.91,178.04,119.07,0.43,50.65,0.45,0.64,1.06,0.46,0.98,54.53,0.98,153.73,0.46,70.41,0.76,0.98,155.7530092,87.91139741,53.5347,63.7619375,0.83960278,86.36176202,0.619888927,70.40668553,53.15717123520009,0.37752876479991215,0.7052038487185174
,,0.8,272.0,136.0,340.0,2.5,2.5,3.75,28.0,23.0,120.0,110.0,2.5,5.0,350.0,865.0,349.1066271,210000.0,0.3,1.0,25.8232,82.786,272.0,0.8,136.0,850.0,41.393,178.04,2.07,41.39,73.89,29.55,0.55,22.65,1.14,9.34,12.6,10.09,87.91,178.04,1.42,87.91,73.89,29.55,0.55,48.11,0.54,91.02,49.82,0.52,119.07,65.17,0.4,41.39,178.04,91.02,0.16,87.91,178.04,119.07,0.16,19.31,0.22,0.47,1.34,0.23,0.95,27.27,0.95,148.16,0.23,33.93,0.76,0.95,155.7530092,87.91139741,25.8232,48.11483628,0.536699322,65.16869158,0.396251626,33.9282927,26.37217416600319,0.548974166003191,2.125895187285817
20.0,350x120x28x3,0.0,0.0,0.0,338.0,3.0,3.0,4.5,28.0,22.0,120.0,108.0,3.0,6.0,350.0,861.0,349.1066271,210000.0,0.3,1.0,166.264,699.791,0.0,0.0,112.6666667,1014.0,349.8955,212.4,0.78,212.4,169.0,56.33,1.0,212.4,0.78,9.34,12.6,10.09,152.81,212.4,1.18,146.83,169.0,56.33,1.0,146.83,1.13,211.84,211.84,0.78,161.71,161.71,1.03,349.9,212.4,211.84,Not Applicable,152.81,212.4,161.71,Not Applicable,#VALUE!,1.03,2.29,#VALUE!,Not Applicable,#VALUE!,#VALUE!,#VALUE!,222.53,Not Applicable,#VALUE!,#VALUE!,#VALUE!,185.804178,152.8097758,166.264,146.8273049,1.132377933,161.7050739,1.028192845,222.5253167,153.14897355713566,13.115026442864348,7.888073451176651
,,0.2,67.6,33.8,338.0,3.0,3.0,4.5,28.0,22.0,120.0,108.0,3.0,6.0,350.0,861.0,349.1066271,210000.0,0.3,1.0,145.324,574.336,67.6,0.2,112.6666667,1014.0,287.168,212.4,0.86,201.28,145.11,48.37,0.9,180.3,0.81,9.34,12.6,10.09,152.81,212.4,1.18,146.83,145.11,48.37,0.9,131.52,1.1,199.08,178.33,0.81,161.71,144.85,1.0,287.17,212.4,199.08,0.88,152.81,212.4,161.71,0.88,142.30,0.9,1.88,1.02,0.90,1.00,145.53,1.00,217.42,0.90,195.68,0.74,1.00,185.804178,152.8097758,145.324,131.5219852,1.104940743,144.8488913,1.00328003,195.677823,139.27162488961469,6.052375110385327,4.164745747698471
,,0.4,135.2,67.6,338.0,3.0,3.0,4.5,28.0,22.0,120.0,108.0,3.0,6.0,350.0,861.0,349.1066271,210000.0,0.3,1.0,105.363,277.908,135.2,0.4,112.6666667,1014.0,138.954,212.4,1.24,138.95,121.23,40.41,0.75,103.98,1.01,9.34,12.6,10.09,152.81,212.4,1.18,146.83,121.23,40.41,0.75,109.87,0.96,156.55,117.15,0.9,161.71,121.01,0.87,138.95,212.4,156.55,0.69,152.81,212.4,161.71,0.69,111.35,0.65,0.91,0.95,0.69,0.95,111.09,0.95,199.63,0.69,137.15,0.77,0.95,185.804178,152.8097758,105.363,109.8722757,0.958958931,121.0054524,0.870729359,137.1487202,106.97647096648946,1.6134709664894586,1.5313449374917747
,,0.6,202.8,101.4,338.0,3.0,3.0,4.5,28.0,22.0,120.0,108.0,3.0,6.0,350.0,861.0,349.1066271,210000.0,0.3,1.0,70.6524,196.388,202.8,0.6,112.6666667,1014.0,98.194,212.4,1.47,98.19,97.34,32.45,0.6,59.0,1.2,9.34,12.6,10.09,152.81,212.4,1.18,146.83,97.34,32.45,0.6,88.22,0.8,138.81,83.41,0.85,161.71,97.16,0.73,98.19,212.4,138.81,0.43,152.81,212.4,161.71,0.43,68.79,0.44,0.64,1.03,0.46,0.95,74.06,0.95,191.64,0.46,87.77,0.80,0.95,185.804178,152.8097758,70.6524,88.22256617,0.800842722,97.1620135,0.727160723,87.77276307,68.35694311757918,2.2954568824208224,3.2489439600364918
,,0.8,270.4,135.2,338.0,3.0,3.0,4.5,28.0,22.0,120.0,108.0,3.0,6.0,350.0,861.0,349.1066271,210000.0,0.3,1.0,35.7513,143.834,270.4,0.8,112.6666667,1014.0,71.917,212.4,1.72,71.92,73.45,24.48,0.45,32.61,1.1,9.34,12.6,10.09,152.81,212.4,1.18,146.83,73.45,24.48,0.45,66.57,0.54,124.33,56.37,0.63,161.71,73.32,0.49,71.92,212.4,124.33,0.16,152.81,212.4,161.71,0.16,26.23,0.22,0.47,1.36,0.23,0.97,37.03,0.97,184.75,0.23,42.31,0.85,0.97,185.804178,152.8097758,35.7513,66.57285668,0.537025175,73.3185746,0.487615863,42.30673154,35.851284379190055,0.09998437919005454,0.2796664154591708
