,,,,,,,,,,,,,,,,,,,,,,,,,,Vcr using FEA,,,,,,,,,,,,,,Vcr using Formula,,,,,,,,,WITH TENSION  ACTION,,,,,,,,,,,,,,,,,,,,,,,,,,,,,,,,,
,,,,,,,,,,,,,,,,,,,,,,,,,,,,,,,,,,,,,,,,,,,,,,,,,Vcr using FEA,,,Vcr using Formula,,,,Vcr using FEA,,,,Vcr using Formula,,,,,,,,,,,,,,,,,,,,,,
S.NO,SECTON,WEB OPENNG,Depth of Web opening(dwh/d1),dwh/2,d1,tw,tw(mm),rcl(mm),lip length (mm),"d1,d2(mm)",flange width(mm),"b1,b2(mm)",ri(mm),ro(mm),total depth D (mm),total length(mm)with aspect ratio-1,fyw,E,m,a/d,Vu FEM,Linear Buckling load(kN),dwh,dwh/d1,d1/tw,Aw,Vcr FEA,Vy,λv,Vv,c,c/tw,qs,Vnl(AS)FEA,Vnl FEA/Vnl(AS),Kss,Ksf,Kv,Vcr,vy,λv,Vv,c,c/tw,qsAS/NS,VnlWITHOUT TENSION FIELD,VnlFEA/V AS/NS,Vv,Vnl AS/NS,VnlF/Vnl AS/NS,Vv,VnlAS/NS EITH TENSION FEIEL,VnlF/Vnl AS/NS,Vcr(FEA),Vy,vv,qseq,Vcr(eq),Vy,Vv,qs,VNL,qsFEA=Vfea/Vv,VcrFEA/Vcr eq,qsfea/qs eq,qs pro,qsfea/qs pro,vnl pro,vnlFEA/vnl Pro,DSM pro,qs pro,Vnl Pro,vnlFEA/vnl Pro,qs fea/qs pro,Design Shear Resistance (VRd),Vcr,VU(FEA),Vnl DSM,VnlFEA/V AS/NS,Vnl with tension field,VnlFEA/V AS/NS,VN PRO
1,150x60x18x1.5,0,0,0,144,1.5,1.5,2.25,18,15,60,54,1.5,3,150,473,349.1066271,210000,0.3,1,39.14,13.37,0,0,96.00,216,6.68,45.24,2.60,19.59,72.00,48.00,0.89,17.41,2.25,9.34,12.6,10.09,44.83,45.24,1.00,36.71,72.00,48.00,0.89,32.63,1.20,19.59,17.41,2.25,38.34,34.08,1.15,6.68,45.24,19.59,Not Applicable=0,44.83,45.24,38.34,Not Applicable=0,38.40,1.02,0.15,#VALUE!,Not Applicable,#VALUE!,#VALUE!,#VALUE!,35.32,Not Applicable,#VALUE!,#VALUE!,#VALUE!,39.57958821,44.83481268,39.1409,32.62828998,1.199600102,34.08226685,1.148424199,35.31796306
,,0.2,28.8,14.4,144,1.5,1.5,2.25,18,15,60,54,1.5,3,150,473,349.1066271,210000,0.3,1,33.91,11.49,28.8,0.2,96.00,216,5.74,45.24,2.81,5.74,61.82,41.22,0.76,4.38,7.73,9.34,12.6,10.09,44.83,45.24,1.00,36.71,61.82,41.22,0.76,28.02,1.21,18.52,14.13,2.40,38.34,29.26,1.16,5.74,45.24,18.52,0.88,44.83,45.24,38.34,0.88,33.74,0.88,0.13,1.00,0.90,0.98,34.51,0.98,34.70,0.90,31.23,1.09,0.98,39.57958821,44.83481268,33.909,28.01651755,1.210321731,29.26498532,1.158688434,31.22967215
,,0.4,57.6,28.8,144,1.5,1.5,2.25,18,15,60,54,1.5,3,150,473,349.1066271,210000,0.3,1,24.41,5.55,57.6,0.4,96.00,216,2.77,45.24,4.04,2.77,51.65,34.43,0.64,1.77,13.81,9.34,12.6,10.09,44.83,45.24,1.00,36.71,51.65,34.43,0.64,23.40,1.04,14.08,8.98,2.72,38.34,24.45,1.00,2.77,45.24,14.08,0.69,44.83,45.24,38.34,0.69,26.40,0.64,0.06,0.92,0.69,0.93,26.34,0.93,31.87,0.69,21.90,1.11,0.93,39.57958821,44.83481268,24.4134,23.40474511,1.043096171,24.44770379,0.99859685,21.89623157
,,0.6,86.4,43.2,144,1.5,1.5,2.25,18,15,60,54,1.5,3,150,473,349.1066271,210000,0.3,1,16.23,3.96,86.4,0.6,96.00,216,1.98,45.24,4.78,1.98,41.47,27.65,0.51,1.01,16.00,9.34,12.6,10.09,44.83,45.24,1.00,36.71,41.47,27.65,0.51,18.79,0.86,12.39,6.34,2.56,38.34,19.63,0.83,1.98,45.24,12.39,0.43,44.83,45.24,38.34,0.43,16.31,0.42,0.04,1.00,0.46,0.92,17.56,0.92,30.64,0.46,14.04,1.16,0.92,39.57958821,44.83481268,16.2342,18.79297268,0.863844176,19.63042225,0.82699189,14.03536863
,,0.8,115.2,57.6,144,1.5,1.5,2.25,18,15,60,54,1.5,3,150,473,349.1066271,210000,0.3,1,9.91,29.69,115.2,0.8,96.00,216,14.85,45.24,1.75,14.85,31.29,20.86,0.39,5.74,1.73,9.34,12.6,10.09,44.83,45.24,1.00,36.71,31.29,20.86,0.39,14.18,0.70,26.19,10.12,0.98,38.34,14.81,0.67,14.85,45.24,26.19,0.16,44.83,45.24,38.34,0.16,6.22,0.26,0.33,1.59,0.23,1.13,8.78,1.13,38.76,0.23,8.88,1.12,1.13,39.57958821,44.83481268,9.90674,14.18120024,0.698582619,14.81314072,0.668780523,8.875582673
2,150x60x18x2,0,0,0,142,2,2,3,18,14,60,52,2,4,150,469,349.1066271,210000,0.3,1,55.59,478.88,0,0,71.00,284,239.44,59.49,0.50,59.49,71.00,35.50,0.66,39.11,1.42,9.34,12.6,10.09,107.77,59.49,0.74,59.49,71.00,35.50,0.66,39.11,1.42,59.49,39.11,1.42,61.10,40.16,1.38,239.44,59.49,76.65,Not Applicable,107.77,59.49,61.10,Not Applicable,61.10,0.91,2.22,#VALUE!,Not Applicable,#VALUE!,#VALUE!,#VALUE!,68.14,Not Applicable,#VALUE!,#VALUE!,#VALUE!,52.03982894,107.7719441,55.5945,39.10770016,1.421574262,40.1647402,1.384161823,68.13782115
,,0.2,28.4,14.2,142,2,2,3,18,14,60,52,2,4,150,469,349.1066271,210000,0.3,1,51.22,414.00,28.4,0.2,71.00,284,207.00,59.49,0.54,59.49,60.96,30.48,0.56,33.58,1.53,9.34,12.6,10.09,107.77,59.49,0.74,59.49,60.96,30.48,0.56,33.58,1.53,59.49,33.58,1.53,61.10,34.49,1.49,207.00,59.49,73.76,0.88,107.77,59.49,61.10,0.88,53.76,0.84,1.92,0.95,0.90,0.93,54.99,0.93,67.00,0.90,60.30,0.85,0.93,52.03982894,107.7719441,51.2173,33.58011003,1.525227283,34.48774512,1.485086944,60.30218751
,,0.4,56.8,28.4,142,2,2,3,18,14,60,52,2,4,150,469,349.1066271,210000,0.3,1,37.65,199.69,56.8,0.4,71.00,284,99.84,59.49,0.77,59.49,50.93,25.46,0.47,28.05,1.34,9.34,12.6,10.09,107.77,59.49,0.74,59.49,50.93,25.46,0.47,28.05,1.34,59.49,28.05,1.34,61.10,28.81,1.31,99.84,59.49,59.68,0.69,107.77,59.49,61.10,0.69,42.07,0.62,0.93,0.89,0.69,0.90,41.97,0.90,61.59,0.69,42.31,0.89,0.90,52.03982894,107.7719441,37.6513,28.0525199,1.34217176,28.81075004,1.306849004,42.31000522
,,0.6,85.2,42.6,142,2,2,3,18,14,60,52,2,4,150,469,349.1066271,210000,0.3,1,25.36,143.66,85.2,0.6,71.00,284,71.83,59.49,0.91,53.28,40.89,20.45,0.38,20.17,1.26,9.34,12.6,10.09,107.77,59.49,0.74,59.49,40.89,20.45,0.38,22.52,1.13,59.49,22.52,1.13,61.10,23.13,1.10,71.83,59.49,53.77,0.43,107.77,59.49,61.10,0.43,25.99,0.42,0.67,0.98,0.46,0.91,27.98,0.91,59.28,0.46,27.15,0.93,0.91,52.03982894,107.7719441,25.3629,22.52492977,1.125992412,23.13375496,1.096358981,27.15125769
,,0.8,113.6,56.8,142,2,2,3,18,14,60,52,2,4,150,469,349.1066271,210000,0.3,1,14.04,107.15,113.6,0.8,71.00,284,53.57,59.49,1.05,46.01,30.86,15.43,0.29,13.15,1.07,9.34,12.6,10.09,107.77,59.49,0.74,59.49,30.86,15.43,0.29,17.00,0.83,59.49,17.00,0.83,61.10,17.46,0.80,53.57,59.49,48.84,0.16,107.77,59.49,61.10,0.16,9.91,0.23,0.50,1.42,0.23,1.00,13.99,1.00,57.30,0.23,13.12,1.07,1.00,52.03982894,107.7719441,14.0419,16.99733965,0.826123399,17.45675987,0.804381804,13.12184073
3,150x60x18x2.5,0,0,0,140,2.5,2.5,3.75,18,13,60,50,2.5,5,150,465,349.1066271,210000,0.3,1,73.43,937.09,0,0,56.00,350,468.54,73.31,0.40,73.31,70.00,28.00,0.52,38.01,1.93,9.34,12.6,10.09,213.50,73.31,0.59,73.31,70.00,28.00,0.52,38.01,1.93,73.31,38.01,1.93,86.56,44.89,1.64,468.54,73.31,105.46,Not Applicable,213.50,73.31,86.56,Not Applicable,86.56,0.85,2.19,#VALUE!,Not Applicable,#VALUE!,#VALUE!,#VALUE!,73.31,Not Applicable,#VALUE!,#VALUE!,#VALUE!,64.133592,213.499108,73.4316,38.01383273,1.931707348,44.88535373,1.635981314,73.31239169
,,0.2,28,14,140,2.5,2.5,3.75,18,13,60,50,2.5,5,150,465,349.1066271,210000,0.3,1,67.10,814.83,28,0.2,56.00,350,407.41,73.31,0.42,73.31,60.11,24.04,0.45,32.64,2.06,9.34,12.6,10.09,213.50,73.31,0.59,73.31,60.11,24.04,0.45,32.64,2.06,73.31,32.64,2.06,86.56,38.54,1.74,407.41,73.31,102.22,0.88,213.50,73.31,86.56,0.88,76.18,0.78,1.91,0.88,0.90,0.86,77.91,0.86,73.31,0.90,65.98,1.02,0.86,64.133592,213.499108,67.1021,32.64085284,2.055770428,38.54113413,1.741051516,65.98115252
,,0.4,56,28,140,2.5,2.5,3.75,18,13,60,50,2.5,5,150,465,349.1066271,210000,0.3,1,52.08,396.33,56,0.4,56.00,350,198.17,73.31,0.61,73.31,50.21,20.08,0.37,27.27,1.91,9.34,12.6,10.09,213.50,73.31,0.59,73.31,50.21,20.08,0.37,27.27,1.91,73.31,27.27,1.91,86.56,32.20,1.62,198.17,73.31,84.76,0.69,213.50,73.31,86.56,0.69,59.61,0.60,0.93,0.87,0.69,0.88,59.47,0.88,73.31,0.69,50.37,1.03,0.88,64.133592,213.499108,52.0846,27.26787295,1.910108651,32.19691452,1.617689172,50.36561309
,,0.6,84,42,140,2.5,2.5,3.75,18,13,60,50,2.5,5,150,465,349.1066271,210000,0.3,1,34.31,281.60,84,0.6,56.00,350,140.80,73.31,0.72,73.31,40.32,16.13,0.30,21.89,1.57,9.34,12.6,10.09,213.50,73.31,0.59,73.31,40.32,16.13,0.30,21.89,1.57,73.31,21.89,1.57,86.56,25.85,1.33,140.80,73.31,76.64,0.43,213.50,73.31,86.56,0.43,36.82,0.40,0.66,0.93,0.46,0.87,39.65,0.87,73.31,0.46,33.58,1.02,0.87,64.133592,213.499108,34.3107,21.89489306,1.56706406,25.85269491,1.327161448,33.57707539
,,0.8,112,56,140,2.5,2.5,3.75,18,13,60,50,2.5,5,150,465,349.1066271,210000,0.3,1,20.27,211.31,112,0.8,56.00,350,105.66,73.31,0.83,71.73,30.42,12.17,0.23,16.17,1.25,9.34,12.6,10.09,213.50,73.31,0.59,73.31,30.42,12.17,0.23,16.52,1.23,73.31,16.52,1.23,86.56,19.51,1.04,105.66,73.31,70.12,0.16,213.50,73.31,86.56,0.16,14.04,0.23,0.49,1.44,0.23,1.02,19.82,1.02,73.31,0.23,16.79,1.21,1.02,64.133592,213.499108,20.2668,16.52191316,1.226661816,19.5084753,1.038871551,16.7885377
4,150x60x18x3,0,0,0,138,3,3,4.5,18,12,60,48,3,6,150,461,349.1066271,210000,0.3,1,91.0272,161.77,0,0,46.00,414,80.89,86.72,1.04,68.26,69.00,23.00,0.43,29.07,3.13,9.34,12.6,10.09,374.27,86.72,0.48,86.72,69.00,23.00,0.43,36.94,2.46,86.72,36.94,2.46,113.74,48.45,1.88,80.89,86.72,72.03,Not Applicable,374.27,86.72,113.74,Not Applicable,113.74,0.80,0.22,#VALUE!,Not Applicable,#VALUE!,#VALUE!,#VALUE!,86.72,Not Applicable,#VALUE!,#VALUE!,#VALUE!,75.8608774,374.2732189,91.0272,36.93548115,2.464492059,48.44581944,1.878948505,86.71808617
,,0.2,27.6,13.8,138,3,3,4.5,18,12,60,48,3,6,150,461,349.1066271,210000,0.3,1,83.467,1415.82,27.6,0.2,46.00,414,707.91,86.72,0.35,86.72,59.25,19.75,0.37,31.71,2.63,9.34,12.6,10.09,374.27,86.72,0.48,86.72,59.25,19.75,0.37,31.71,2.63,86.72,31.71,2.63,113.74,41.60,2.01,707.91,86.72,131.07,0.88,374.27,86.72,113.74,0.88,100.09,0.73,1.89,0.83,0.90,0.82,102.37,0.82,86.72,0.90,78.05,1.07,0.82,75.8608774,374.2732189,83.467,31.71491844,2.631789836,41.59835379,2.006497671,78.04627755
,,0.4,55.2,27.6,138,3,3,4.5,18,12,60,48,3,6,150,461,349.1066271,210000,0.3,1,66.5666,686.96,55.2,0.4,46.00,414,343.48,86.72,0.50,86.72,49.49,16.50,0.31,26.49,2.51,9.34,12.6,10.09,374.27,86.72,0.48,86.72,49.49,16.50,0.31,26.49,2.51,86.72,26.49,2.51,113.74,34.75,1.92,343.48,86.72,111.27,0.69,374.27,86.72,113.74,0.69,78.32,0.59,0.92,0.85,0.69,0.85,78.14,0.85,86.72,0.69,59.58,1.12,0.85,75.8608774,374.2732189,66.5666,26.49435573,2.512482306,34.75088815,1.915536654,59.5753252
,,0.6,82.8,41.4,138,3,3,4.5,18,12,60,48,3,6,150,461,349.1066271,210000,0.3,1,45.2838,489.89,82.8,0.6,46.00,414,244.95,86.72,0.60,86.72,39.74,13.25,0.25,21.27,2.13,9.34,12.6,10.09,374.27,86.72,0.48,86.72,39.74,13.25,0.25,21.27,2.13,86.72,21.27,2.13,113.74,27.90,1.62,244.95,86.72,101.52,0.43,374.27,86.72,113.74,0.43,48.39,0.40,0.65,0.94,0.46,0.87,52.09,0.87,86.72,0.46,39.72,1.14,0.87,75.8608774,374.2732189,45.2838,21.27379303,2.128618998,27.9034225,1.62287619,39.71688347
,,0.8,110.4,55.2,138,3,3,4.5,18,12,60,48,3,6,150,461,349.1066271,210000,0.3,1,25.7821,369.71,110.4,0.8,46.00,414,184.855,86.72,0.68,86.72,29.99,10.00,0.19,16.05,1.61,9.34,12.6,10.09,374.27,86.72,0.48,86.72,29.99,10.00,0.19,16.05,1.61,86.72,16.05,1.61,113.74,21.06,1.22,184.86,86.72,93.55,0.16,374.27,86.72,113.74,0.16,18.45,0.23,0.49,1.40,0.23,0.99,26.05,0.99,86.72,0.23,19.86,1.30,0.99,75.8608774,374.2732189,25.7821,16.05323032,1.60603813,21.05595686,1.224456346,19.85844173
5,200x65x20x1.5,0,0,0,194,1.5,1.5,2.25,20,17,65,59,1.5,3,200,573,349.1066271,210000,0.3,1,43.3239,147.39,0,0,129.33,291,73.6965,60.95,0.91,54.62,97.00,64.67,1,54.62,0.79,9.34,12.6,10.09,33.28,60.95,1.35,33.28,97.00,64.67,1,33.28,1.30,55.12,55.12,0.79,42.21,42.21,1.03,73.70,60.95,55.12,Not Applicable,33.28,60.95,42.21,Not Applicable,42.21,1.03,2.21,#VALUE!,Not Applicable,#VALUE!,#VALUE!,#VALUE!,61.55,Not Applicable,#VALUE!,#VALUE!,#VALUE!,53.32250078,33.27944859,43.3239,33.27944859,1.30182145,42.21468316,1.026275617,61.55103825
,,0.2,38.8,19.4,194,1.5,1.5,2.25,20,17,65,59,1.5,3,200,573,349.1066271,210000,0.3,1,40.3678,125.42,38.8,0.2,129.33,291,62.7075,60.95,0.99,50.39,83.29,55.53,1,50.39,0.80,9.34,12.6,10.09,33.28,60.95,1.35,33.28,83.29,55.53,1,33.28,1.21,52.30,52.30,0.77,42.21,42.21,0.96,62.71,60.95,52.30,0.88,33.28,60.95,42.21,0.88,37.15,0.96,1.88,1.09,0.90,1.06,37.99,1.06,60.39,0.90,54.35,0.74,1.06,53.32250078,33.27944859,40.3678,33.27944859,1.212994858,42.21468316,0.956250219,54.35389442
,,0.4,77.6,38.8,194,1.5,1.5,2.25,20,17,65,59,1.5,3,200,573,349.1066271,210000,0.3,1,28.1667,60.15,77.6,0.4,129.33,291,30.076,60.95,1.42,30.08,69.58,46.39,0.86,25.84,1.09,9.34,12.6,10.09,33.28,60.95,1.35,33.28,69.58,46.39,0.86,28.59,0.99,40.75,35.01,0.80,42.21,36.26,0.78,30.08,60.95,40.75,0.69,33.28,60.95,42.21,0.69,29.07,0.67,0.90,0.97,0.69,0.97,29.00,0.97,55.39,0.69,38.05,0.74,0.97,53.32250078,33.27944859,28.1667,28.58725394,0.98528876,36.26267618,0.776740797,38.0536475
,,0.6,116.4,58.2,194,1.5,1.5,2.25,20,17,65,59,1.5,3,200,573,349.1066271,210000,0.3,1,18.0585,42.66,116.4,0.6,129.33,291,21.33,60.95,1.69,21.33,55.87,37.25,0.69,14.71,1.23,9.34,12.6,10.09,33.28,60.95,1.35,33.28,55.87,37.25,0.69,22.95,0.79,36.10,24.90,0.73,42.21,29.12,0.62,21.33,60.95,36.10,0.43,33.28,60.95,42.21,0.43,17.96,0.43,0.64,1.01,0.46,0.93,19.33,0.93,53.19,0.46,24.36,0.74,0.93,53.32250078,33.27944859,18.0585,22.9542975,0.786715429,29.11732127,0.620197848,24.363162
,,0.8,155.2,77.6,194,1.5,1.5,2.25,20,17,65,59,1.5,3,200,573,349.1066271,210000,0.3,1,9.3011,31.84,155.2,0.8,129.33,291,15.92,60.95,1.96,15.92,42.16,28.11,0.52,8.29,1.12,9.34,12.6,10.09,33.28,60.95,1.35,33.28,42.16,28.11,0.52,17.32,0.54,32.50,16.92,0.55,42.21,21.97,0.42,15.92,60.95,32.50,0.16,33.28,60.95,42.21,0.16,6.85,0.22,0.48,1.36,0.23,0.96,9.67,0.96,51.39,0.23,11.77,0.79,0.96,53.32250078,33.27944859,9.3011,17.32134106,0.536973435,21.97196636,0.423316687,11.76897399
6,200x65x20x2,0,0,0,192,2,2,3,20,16,65,57,2,4,200,569,349.1066271,210000,0.3,1,66.2976,355.53,0,0,96.00,384,177.766,80.43,0.67,80.43,96.00,48.00,0.89,71.50,0.93,9.34,12.6,10.09,79.71,80.43,1.00,65.26,96.00,48.00,0.89,58.01,1.14,87.71,77.96,0.85,68.16,60.59,1.09,177.77,80.43,87.71,Not Applicable,79.71,80.43,68.16,Not Applicable,68.16,0.97,2.23,#VALUE!,Not Applicable,#VALUE!,#VALUE!,#VALUE!,87.19,Not Applicable,#VALUE!,#VALUE!,#VALUE!,70.36371237,79.70633365,66.2976,58.00584886,1.142946811,60.59069663,1.094187783,87.18978711
,,0.2,38.4,19.2,192,2,2,3,20,16,65,57,2,4,200,569,349.1066271,210000,0.3,1,60.2725,300.05,38.4,0.2,96.00,384,150.0265,80.43,0.73,80.43,82.43,41.22,0.76,61.39,0.98,9.34,12.6,10.09,79.71,80.43,1.00,65.26,82.43,41.22,0.76,49.81,1.21,83.35,63.61,0.95,68.16,52.03,1.16,150.03,80.43,83.35,0.88,79.71,80.43,68.16,0.88,59.98,0.88,1.88,1.00,0.90,0.98,61.35,0.98,85.47,0.90,76.92,0.78,0.98,70.36371237,79.70633365,60.2725,49.80714231,1.21011761,52.02664057,1.158493021,76.9219089
,,0.4,76.8,38.4,192,2,2,3,20,16,65,57,2,4,200,569,349.1066271,210000,0.3,1,44.8114,144.58,76.8,0.4,96.00,384,72.2875,80.43,1.05,62.15,68.86,34.43,0.64,39.62,1.13,9.34,12.6,10.09,79.71,80.43,1.00,65.26,68.86,34.43,0.64,41.61,1.08,65.99,42.08,1.06,68.16,43.46,1.03,72.29,80.43,65.99,0.69,79.71,80.43,68.16,0.69,46.94,0.66,0.91,0.95,0.69,0.96,46.83,0.96,78.44,0.69,53.89,0.83,0.96,70.36371237,79.70633365,44.8114,41.60843575,1.076978723,43.46258451,1.031033946,53.88639329
,,0.6,115.2,57.6,192,2,2,3,20,16,65,57,2,4,200,569,349.1066271,210000,0.3,1,28.3621,102.53,115.2,0.6,96.00,384,51.263,80.43,1.25,51.26,55.29,27.65,0.51,26.25,1.08,9.34,12.6,10.09,79.71,80.43,1.00,65.26,55.29,27.65,0.51,33.41,0.85,58.76,30.08,0.94,68.16,34.90,0.81,51.26,80.43,58.76,0.43,79.71,80.43,68.16,0.43,29.00,0.42,0.64,0.98,0.46,0.91,31.22,0.91,75.33,0.46,34.50,0.82,0.91,70.36371237,79.70633365,28.3621,33.4097292,0.848917387,34.89852845,0.812701889,34.50052708
,,0.8,153.6,76.8,192,2,2,3,20,16,65,57,2,4,200,569,349.1066271,210000,0.3,1,15.3184,76.56,153.6,0.8,96.00,384,38.281,80.43,1.45,38.28,41.72,20.86,0.39,14.79,1.04,9.34,12.6,10.09,79.71,80.43,1.00,65.26,41.72,20.86,0.39,25.21,0.61,53.11,20.52,0.75,68.16,26.33,0.58,38.28,80.43,53.11,0.16,79.71,80.43,68.16,0.16,11.06,0.22,0.48,1.39,0.23,0.98,15.61,0.98,72.78,0.23,16.67,0.92,0.98,70.36371237,79.70633365,15.3184,25.21102265,0.607607244,26.33447239,0.581686231,16.66740193
7,200x65x20x2.5,0,0,0,190,2.5,2.5,3.75,20,15,65,55,2.5,5,200,565,349.1066271,210000,0.3,1,91.427,697.96,0,0,76.00,475,348.979,99.50,0.53,99.50,95.00,38.00,0.70,70.02,1.31,9.34,12.6,10.09,157.32,99.50,0.80,99.50,95.00,38.00,0.70,70.02,1.31,123.63,87.00,1.05,97.97,68.95,1.33,348.98,99.50,123.63,Not Applicable,157.32,99.50,97.97,Not Applicable,97.97,0.93,2.22,#VALUE!,Not Applicable,#VALUE!,#VALUE!,#VALUE!,112.51,Not Applicable,#VALUE!,#VALUE!,#VALUE!,87.03844629,157.3151322,91.427,70.01527355,1.30581508,68.94527975,1.32608063,112.5098697
,,0.2,38,19,190,2.5,2.5,3.75,20,15,65,55,2.5,5,200,565,349.1066271,210000,0.3,1,80.5548,590.34,38,0.2,76.00,475,295.1675,99.50,0.58,99.50,81.57,32.63,0.60,60.12,1.34,9.34,12.6,10.09,157.32,99.50,0.80,99.50,81.57,32.63,0.60,60.12,1.34,118.09,71.36,1.13,97.97,59.20,1.36,295.17,99.50,118.09,0.88,157.32,99.50,97.97,0.88,86.22,0.82,1.88,0.93,0.90,0.91,88.18,0.91,110.50,0.90,99.45,0.81,0.91,87.03844629,157.3151322,80.5548,60.11912181,1.339919772,59.20036388,1.360714609,99.45235222
,,0.4,76,38,190,2.5,2.5,3.75,20,15,65,55,2.5,5,200,565,349.1066271,210000,0.3,1,60.0963,285.30,76,0.4,76.00,475,142.651,99.50,0.84,97.09,68.14,27.26,0.50,49.01,1.23,9.34,12.6,10.09,157.32,99.50,0.80,99.50,68.14,27.26,0.50,50.22,1.20,95.01,47.96,1.25,97.97,49.46,1.22,142.65,99.50,95.01,0.69,157.32,99.50,97.97,0.69,67.47,0.61,0.91,0.89,0.69,0.89,67.31,0.89,102.19,0.69,70.20,0.86,0.89,87.03844629,157.3151322,60.0963,50.22297007,1.196589925,49.45544802,1.21516036,70.20382008
,,0.6,114,57,190,2.5,2.5,3.75,20,15,65,55,2.5,5,200,565,349.1066271,210000,0.3,1,40.156,202.97,114,0.6,76.00,475,101.485,99.50,0.99,81.90,54.72,21.89,0.41,33.19,1.21,9.34,12.6,10.09,157.32,99.50,0.80,99.50,54.72,21.89,0.41,40.33,1.00,85.12,34.50,1.16,97.97,39.71,1.01,101.49,99.50,85.12,0.43,157.32,99.50,97.97,0.43,41.68,0.41,0.65,0.96,0.46,0.89,44.87,0.89,98.51,0.46,45.12,0.89,0.89,87.03844629,157.3151322,40.156,40.32681833,0.995764151,39.71053215,1.011217877,45.1181475
,,0.8,152,76,190,2.5,2.5,3.75,20,15,65,55,2.5,5,200,565,349.1066271,210000,0.3,1,21.9463,150.47,152,0.8,76.00,475,75.236,99.50,1.15,70.51,41.29,16.52,0.31,21.57,1.02,9.34,12.6,10.09,157.32,99.50,0.80,99.50,41.29,16.52,0.31,30.43,0.72,77.04,23.56,0.93,97.97,29.97,0.73,75.24,99.50,77.04,0.16,157.32,99.50,97.97,0.16,15.89,0.22,0.48,1.38,0.23,0.98,22.44,0.98,95.39,0.23,21.84,1.00,0.98,87.03844629,157.3151322,21.9463,30.43066659,0.721190248,29.96561629,0.732382735,21.84356389
8,200x65x20x3,0,0,0,188,3,3,4.5,20,14,65,53,3,6,200,561,349.1066271,210000,0.3,1,111.421,1210.20,0,0,62.67,564,605.1,118.14,0.44,118.14,94.00,31.33,0.58,68.55,1.63,9.34,12.6,10.09,274.73,118.14,0.66,118.14,94.00,31.33,0.58,68.55,1.63,118.14,68.55,1.63,130.77,75.88,1.47,605.10,118.14,161.60,Not Applicable,274.73,118.14,130.77,Not Applicable,130.77,0.85,2.20,#VALUE!,Not Applicable,#VALUE!,#VALUE!,#VALUE!,118.14,Not Applicable,#VALUE!,#VALUE!,#VALUE!,103.3467025,274.7324692,111.421,68.54902571,1.625420622,75.87682601,1.468445715,118.1376826
,,0.2,37.6,18.8,188,3,3,4.5,20,14,65,53,3,6,200,561,349.1066271,210000,0.3,1,101.667,1026.30,37.6,0.2,62.67,564,513.15,118.14,0.48,118.14,80.71,26.90,0.50,58.86,1.73,9.34,12.6,10.09,274.73,118.14,0.66,118.14,80.71,26.90,0.50,58.86,1.73,118.14,58.86,1.73,130.77,65.15,1.56,513.15,118.14,155.20,0.88,274.73,118.14,130.77,0.88,115.07,0.78,1.87,0.88,0.90,0.86,117.69,0.86,118.14,0.90,106.32,0.96,0.86,103.3467025,274.7324692,101.667,58.86011748,1.727264646,65.15218629,1.560454158,106.3239143
,,0.4,75.2,37.6,188,3,3,4.5,20,14,65,53,3,6,200,561,349.1066271,210000,0.3,1,77.7232,494.33,75.2,0.4,62.67,564,247.167,118.14,0.69,118.14,67.43,22.48,0.42,49.17,1.58,9.34,12.6,10.09,274.73,118.14,0.66,118.14,67.43,22.48,0.42,49.17,1.58,118.14,49.17,1.58,130.77,54.43,1.43,247.17,118.14,126.73,0.69,274.73,118.14,130.77,0.69,90.05,0.59,0.90,0.86,0.69,0.87,89.84,0.87,118.14,0.69,81.16,0.96,0.87,103.3467025,274.7324692,77.7232,49.17120926,1.580664807,54.42754657,1.42801219,81.16058795
,,0.6,112.8,56.4,188,3,3,4.5,20,14,65,53,3,6,200,561,349.1066271,210000,0.3,1,52.2108,351.678,112.8,0.6,62.67,564,175.839,118.14,0.82,117.47,54.14,18.05,0.33,39.26,1.33,9.34,12.6,10.09,274.73,118.14,0.66,118.14,54.14,18.05,0.33,39.48,1.32,118.14,39.48,1.32,130.77,43.70,1.19,175.84,118.14,114.15,0.43,274.73,118.14,130.77,0.43,55.63,0.40,0.64,0.94,0.46,0.87,59.89,0.87,118.14,0.46,54.11,0.96,0.87,103.3467025,274.7324692,52.2108,39.48230103,1.322384933,43.70290685,1.194675681,54.10705864
,,0.8,150.4,75.2,188,3,3,4.5,20,14,65,53,3,6,200,561,349.1066271,210000,0.3,1,28.4953,261.481,150.4,0.8,62.67,564,130.7405,118.14,0.95,101.29,40.86,13.62,0.25,25.54,1.12,9.34,12.6,10.09,274.73,118.14,0.66,118.14,40.86,13.62,0.25,29.79,0.96,118.14,29.79,0.96,130.77,32.98,0.86,130.74,118.14,103.81,0.16,274.73,118.14,130.77,0.16,21.21,0.22,0.48,1.34,0.23,0.95,29.95,0.95,118.14,0.23,27.05,1.05,0.95,103.3467025,274.7324692,28.4953,29.7933928,0.956430179,32.97826713,0.864062987,27.05352932
9,250x70x22x1.5,0,0,0,244,1.5,1.5,2.25,22,19,70,64,1.5,3,250,673,349.1066271,210000,0.3,1,43.9608,117.17,0,0,162.6666667,366,58.585,76.66,1.14,54.62,122.00,81.33,1,54.62,0.80,9.34,12.6,10.09,26.46,76.66,1.70,26.46,122.00,81.33,1,26.46,1.66,59.57,59.57,0.74,45.18,45.18,0.97,58.59,76.66,59.57,Not Applicable,26.46,76.66,45.18,Not Applicable,45.18,0.97,2.21,#VALUE!,Not Applicable,#VALUE!,#VALUE!,#VALUE!,73.39,Not Applicable,#VALUE!,#VALUE!,#VALUE!,67.06541335,26.45988945,43.9608,26.45988945,1.661412837,45.18445277,0.972918721,118.1376826
,,0.2,48.8,24.4,244,1.5,1.5,2.25,22,19,70,64,1.5,3,250,673,349.1066271,210000,0.3,1,40.7333,98.945,48.8,0.2,162.6666667,366,49.4725,76.66,1.24,49.47,104.76,69.84,1,49.47,0.82,9.34,12.6,10.09,26.46,76.66,1.70,26.46,104.76,69.84,1,26.46,1.54,56.24,56.24,0.72,45.18,45.18,0.90,49.47,76.66,56.24,0.88,26.46,76.66,45.18,0.88,39.76,0.90,1.87,1.02,0.90,1.00,40.67,1.00,71.94,0.90,64.75,0.63,1.00,67.06541335,26.45988945,40.7333,26.45988945,1.539435759,45.18445277,0.901489285,64.74716221
,,0.4,97.6,48.8,244,1.5,1.5,2.25,22,19,70,64,1.5,3,250,673,349.1066271,210000,0.3,1,31.9066,47.587,97.6,0.4,162.6666667,366,23.7935,76.66,1.80,23.79,87.51,58.34,1,23.79,1.34,9.34,12.6,10.09,26.46,76.66,1.70,26.46,87.51,58.34,1,26.46,1.21,43.50,43.50,0.73,45.18,45.18,0.71,23.79,76.66,43.50,0.69,26.46,76.66,45.18,0.69,31.11,0.71,0.90,1.03,0.69,1.03,31.04,1.03,66.00,0.69,45.34,0.70,1.03,67.06541335,26.45988945,31.9066,26.45988945,1.20584782,45.18445277,0.706141118,45.34416833
,,0.6,146.4,73.2,244,1.5,1.5,2.25,22,19,70,64,1.5,3,250,673,349.1066271,210000,0.3,1,19.9265,33.618,146.4,0.6,162.6666667,366,16.809,76.66,2.14,16.81,70.27,46.85,0.87,14.58,1.37,9.34,12.6,10.09,26.46,76.66,1.70,26.46,70.27,46.85,0.87,22.95,0.87,38.36,33.28,0.60,45.18,39.20,0.51,16.81,76.66,38.36,0.43,26.46,76.66,45.18,0.43,19.22,0.44,0.64,1.04,0.46,0.96,20.69,0.96,63.36,0.46,29.02,0.69,0.96,67.06541335,26.45988945,19.9265,22.9542975,0.868094526,39.19809919,0.508353732,29.01727972
,,0.8,195.2,97.6,244,1.5,1.5,2.25,22,19,70,64,1.5,3,250,673,349.1066271,210000,0.3,1,9.7377,24.913,195.2,0.8,162.6666667,366,12.4565,76.66,2.48,12.46,53.02,35.35,0.65,8.15,1.19,9.34,12.6,10.09,26.46,76.66,1.70,26.46,53.02,35.35,0.65,17.32,0.56,34.37,22.50,0.43,45.18,29.58,0.33,12.46,76.66,34.37,0.16,26.46,76.66,45.18,0.16,7.33,0.22,0.47,1.33,0.23,0.94,10.35,0.94,61.16,0.23,14.01,0.70,0.94,67.06541335,26.45988945,9.7377,17.32134106,0.562179335,29.57893375,0.32921065,14.00532751
10,250x70x22x2,0,0,0,242,2,2,3,22,18,70,62,2,4,250,669,349.1066271,210000,0.3,1,74.4909,279,0,0,121,484,139.5,101.38,0.85,96.92,121.00,60.50,1,96.92,0.77,9.34,12.6,10.09,63.24,101.38,1.27,63.24,121.00,60.50,1,63.24,1.18,95.56,95.56,0.78,73.51,73.51,1.01,139.50,101.38,95.56,Not Applicable,63.24,101.38,73.51,Not Applicable,73.51,1.01,2.21,#VALUE!,Not Applicable,#VALUE!,#VALUE!,#VALUE!,103.99,Not Applicable,#VALUE!,#VALUE!,#VALUE!,88.6875958,63.2380829,74.4909,63.2380829,1.177943679,73.51436045,1.013283657,103.9927627
,,0.2,48.4,24.2,242,2,2,3,22,18,70,62,2,4,250,669,349.1066271,210000,0.3,1,68.6222,236.529,48.4,0.2,121,484,118.2645,101.38,0.93,89.24,103.90,51.95,0.96,85.85,0.80,9.34,12.6,10.09,63.24,101.38,1.27,63.24,103.90,51.95,0.96,60.84,1.13,90.62,87.18,0.79,73.51,70.72,0.97,118.26,101.38,90.62,0.88,63.24,101.38,73.51,0.88,64.69,0.93,1.87,1.06,0.90,1.04,66.16,1.04,101.99,0.90,91.79,0.75,1.04,88.6875958,63.2380829,68.6222,60.83592957,1.127988024,70.72185383,0.970311103,91.79470429
,,0.4,96.8,48.4,242,2,2,3,22,18,70,62,2,4,250,669,349.1066271,210000,0.3,1,48.0657,113.25,96.8,0.4,121,484,56.625,101.38,1.34,56.63,86.80,43.40,0.80,45.51,1.06,9.34,12.6,10.09,63.24,101.38,1.27,63.24,86.80,43.40,0.80,50.82,0.95,70.77,56.87,0.85,73.51,59.08,0.81,56.63,101.38,70.77,0.69,63.24,101.38,73.51,0.69,50.62,0.65,0.90,0.95,0.69,0.95,50.50,0.95,93.53,0.69,64.26,0.75,0.95,88.6875958,63.2380829,48.0657,50.82178479,0.945769618,59.08039641,0.813564277,64.25705596
,,0.6,145.2,72.6,242,2,2,3,22,18,70,62,2,4,250,669,349.1066271,210000,0.3,1,30.5886,80.3,145.2,0.6,121,484,40.15,101.38,1.59,40.15,69.69,34.85,0.65,25.91,1.18,9.34,12.6,10.09,63.24,101.38,1.27,63.24,69.69,34.85,0.65,40.81,0.75,62.74,40.49,0.76,73.51,47.44,0.64,40.15,101.38,62.74,0.43,63.24,101.38,73.51,0.43,31.27,0.42,0.63,0.98,0.46,0.91,33.67,0.91,89.82,0.46,41.14,0.74,0.91,88.6875958,63.2380829,30.5886,40.80764,0.749580226,47.43893899,0.644799413,41.13933519
,,0.8,193.6,96.8,242,2,2,3,22,18,70,62,2,4,250,669,349.1066271,210000,0.3,1,16.1946,59.436,193.6,0.8,121,484,29.718,101.38,1.85,29.72,52.59,26.30,0.49,14.47,1.12,9.34,12.6,10.09,63.24,101.38,1.27,63.24,52.59,26.30,0.49,30.79,0.53,56.36,27.44,0.59,73.51,35.80,0.45,29.72,101.38,56.36,0.16,63.24,101.38,73.51,0.16,11.92,0.22,0.47,1.36,0.23,0.96,16.83,0.96,86.70,0.23,19.85,0.82,0.96,88.6875958,63.2380829,16.1946,30.79349522,0.52590977,35.79748157,0.452394953,19.85381339
11,250x70x22x2.5,0,0,0,240,2.5,2.5,3.75,22,17,70,60,2.5,5,250,665,349.1066271,210000,0.3,1,104.523,548.258,0,0,96,600,274.129,125.68,0.68,125.68,120.00,48.00,0.89,111.71,0.94,9.34,12.6,10.09,124.54,125.68,1.00,101.96,120.00,48.00,0.89,90.63,1.15,136.51,121.34,0.86,106.51,94.67,1.10,274.13,125.68,136.51,Not Applicable,124.54,125.68,106.51,Not Applicable,125.68,0.98,2.20,#VALUE!,Not Applicable,#VALUE!,#VALUE!,#VALUE!,136.08,Not Applicable,#VALUE!,#VALUE!,#VALUE!,109.9433006,124.5411463,104.523,90.63413884,1.153240946,94.67296348,1.104042761,136.0845755
,,0.2,48,24,240,2.5,2.5,3.75,22,17,70,60,2.5,5,250,665,349.1066271,210000,0.3,1,91.7876,465.048,48,0.2,96,600,232.524,125.68,0.74,125.68,103.04,41.22,0.76,95.92,0.96,9.34,12.6,10.09,124.54,125.68,1.00,101.96,103.04,41.22,0.76,77.82,1.18,129.91,99.15,0.93,106.51,81.29,1.13,232.52,125.68,129.91,0.88,124.54,125.68,106.51,0.88,93.73,0.86,1.87,0.98,0.90,0.96,95.86,0.96,133.48,0.90,120.13,0.76,0.96,109.9433006,124.5411463,91.7876,77.82365985,1.179430525,81.29162589,1.129115072,120.1314786
,,0.4,96,48,240,2.5,2.5,3.75,22,17,70,60,2.5,5,250,665,349.1066271,210000,0.3,1,67.8789,222.554,96,0.4,96,600,111.277,125.68,1.06,96.38,86.08,34.43,0.64,61.45,1.10,9.34,12.6,10.09,124.54,125.68,1.00,101.96,86.08,34.43,0.64,65.01,1.04,102.60,65.42,1.04,106.51,67.91,1.00,111.28,125.68,102.60,0.69,124.54,125.68,106.51,0.69,73.34,0.64,0.89,0.93,0.69,0.93,73.17,0.93,122.41,0.69,84.09,0.81,0.93,109.9433006,124.5411463,67.8789,65.01318086,1.044079048,67.91028829,0.999537798,84.09309665
,,0.6,144,72,240,2.5,2.5,3.75,22,17,70,60,2.5,5,250,665,349.1066271,210000,0.3,1,44.0768,157.683,144,0.6,96,600,78.8415,125.68,1.26,78.84,69.12,27.65,0.51,40.36,1.09,9.34,12.6,10.09,124.54,125.68,1.00,101.96,69.12,27.65,0.51,52.20,0.84,91.31,46.75,0.94,106.51,54.53,0.81,78.84,125.68,91.31,0.43,124.54,125.68,106.51,0.43,45.31,0.41,0.63,0.97,0.46,0.90,48.78,0.90,117.54,0.46,53.84,0.82,0.90,109.9433006,124.5411463,44.0768,52.20270188,0.844339439,54.5289507,0.80831924,53.83558804
,,0.8,192,96,240,2.5,2.5,3.75,22,17,70,60,2.5,5,250,665,349.1066271,210000,0.3,1,23.5989,116.862,192,0.8,96,600,58.431,125.68,1.47,58.43,52.16,20.86,0.39,22.57,1.05,9.34,12.6,10.09,124.54,125.68,1.00,101.96,52.16,20.86,0.39,39.39,0.60,82.30,31.80,0.74,106.51,41.15,0.57,58.43,125.68,82.30,0.16,124.54,125.68,106.51,0.16,17.28,0.22,0.47,1.37,0.23,0.97,24.39,0.97,113.47,0.23,25.99,0.91,0.97,109.9433006,124.5411463,23.5989,39.39222289,0.599075103,41.1476131,0.573518078,25.98548409
12,250x70x22x3,0,0,0,238,3,3,4.5,22,16,70,58,3,6,250,661,349.1066271,210000,0.3,1,131.184,951.025,0,0,79.33333333,714,475.5125,149.56,0.56,149.56,119.00,39.67,0.73,109.86,1.19,9.34,12.6,10.09,217.02,149.56,0.83,146.83,119.00,39.67,0.73,107.85,1.22,180.95,132.92,0.99,143.36,105.30,1.25,475.51,149.56,180.95,Not Applicable,217.02,149.56,143.36,Not Applicable,149.56,0.92,2.19,#VALUE!,Not Applicable,#VALUE!,#VALUE!,#VALUE!,169.26,Not Applicable,#VALUE!,#VALUE!,#VALUE!,130.8325277,217.0155639,131.184,107.8546252,1.216303888,105.3046391,1.245757083,169.2643712
,,0.2,47.6,23.8,238,3,3,4.5,22,16,70,58,3,6,250,661,349.1066271,210000,0.3,1,120.077,808.211,47.6,0.2,79.33333333,714,404.1055,149.56,0.61,149.56,102.18,34.06,0.63,94.33,1.27,9.34,12.6,10.09,217.02,149.56,0.83,146.83,102.18,34.06,0.63,92.61,1.30,172.89,109.05,1.10,143.36,90.42,1.33,404.11,149.56,172.89,0.88,217.02,149.56,143.36,0.88,126.15,0.84,1.86,0.95,0.90,0.93,129.02,0.93,166.06,0.90,149.46,0.80,0.93,130.8325277,217.0155639,120.077,92.61015522,1.296585668,90.42059114,1.327982913,149.456547
,,0.4,95.2,47.6,238,3,3,4.5,22,16,70,58,3,6,250,661,349.1066271,210000,0.3,1,87.6994,386.284,95.2,0.4,79.33333333,714,193.142,149.56,0.88,138.52,85.36,28.45,0.53,72.99,1.20,9.34,12.6,10.09,217.02,149.56,0.83,146.83,85.36,28.45,0.53,77.37,1.13,138.14,72.79,1.20,143.36,75.54,1.16,193.14,149.56,138.14,0.69,217.02,149.56,143.36,0.69,98.71,0.61,0.89,0.89,0.69,0.89,98.49,0.89,152.27,0.69,104.61,0.84,0.89,130.8325277,217.0155639,87.6994,77.36568523,1.133569744,75.53654322,1.161019505,104.6105382
,,0.6,142.8,71.4,238,3,3,4.5,22,16,70,58,3,6,250,661,349.1066271,210000,0.3,1,58.0491,274.04,142.8,0.6,79.33333333,714,137.02,149.56,1.04,116.67,68.54,22.85,0.42,49.36,1.18,9.34,12.6,10.09,217.02,149.56,0.83,146.83,68.54,22.85,0.42,62.12,0.93,123.49,52.25,1.11,143.36,60.65,0.96,137.02,149.56,123.49,0.43,217.02,149.56,143.36,0.43,60.98,0.40,0.63,0.95,0.46,0.88,65.66,0.88,146.25,0.46,66.98,0.87,0.88,130.8325277,217.0155639,58.0491,62.12121523,0.93444888,60.65249529,0.957076864,66.9822665
,,0.8,190.4,95.2,238,3,3,4.5,22,16,70,58,3,6,250,661,349.1066271,210000,0.3,1,30.6741,203.168,190.4,0.8,79.33333333,714,101.584,149.56,1.21,100.46,51.72,17.24,0.32,32.07,0.96,9.34,12.6,10.09,217.02,149.56,0.83,146.83,51.72,17.24,0.32,46.88,0.65,111.66,35.65,0.86,143.36,45.77,0.67,101.58,149.56,111.66,0.16,217.02,149.56,143.36,0.16,23.25,0.21,0.47,1.32,0.23,0.93,32.83,0.93,141.19,0.23,32.33,0.95,0.93,130.8325277,217.0155639,30.6741,46.87674524,0.654356437,45.76844737,0.670201892,32.33309806
13,300x75x25x1.5,0,0,0,294,1.5,1.5,2.25,25,22,75,69,1.5,3,300,773,349.1066271,210000,0.3,1,52.4148,96.296,0,0,196,441,48.148,92.37,1.39,48.15,147.00,98.00,1,48.15,1.09,9.34,12.6,10.09,21.96,92.37,2.05,21.96,147.00,98.00,1,21.96,2.39,62.95,62.95,0.83,47.61,47.61,1.10,48.15,92.37,62.95,Not Applicable,21.96,92.37,47.61,Not Applicable,92.37,1.10,2.19,#VALUE!,Not Applicable,#VALUE!,#VALUE!,#VALUE!,84.53,Not Applicable,#VALUE!,#VALUE!,#VALUE!,80.80832592,21.95990825,52.4148,21.95990825,2.386840573,47.60690911,1.100991452,84.53271976
,,0.2,58.8,29.4,294,1.5,1.5,2.25,25,22,75,69,1.5,3,300,773,349.1066271,210000,0.3,1,47.5734,81.646,58.8,0.2,196,441,40.823,92.37,1.50,40.82,126.22,84.15,1,40.82,1.17,9.34,12.6,10.09,21.96,92.37,2.05,21.96,126.22,84.15,1,21.96,2.17,59.42,59.42,0.80,47.61,47.61,1.00,40.82,92.37,59.42,0.88,21.96,92.37,47.61,0.88,41.89,1.00,1.86,1.14,0.90,1.11,42.85,1.11,82.91,0.90,74.62,0.64,1.11,80.80832592,21.95990825,47.5734,21.95990825,2.166375171,47.60690911,0.999296129,74.61618788
,,0.4,117.6,58.8,294,1.5,1.5,2.25,25,22,75,69,1.5,3,300,773,349.1066271,210000,0.3,1,34.9766,39.09,117.6,0.4,196,441,19.545,92.37,2.17,19.55,105.45,70.30,1,19.55,1.79,9.34,12.6,10.09,21.96,92.37,2.05,21.96,105.45,70.30,1,21.96,1.59,45.63,45.63,0.77,47.61,47.61,0.73,19.55,92.37,45.63,0.69,21.96,92.37,47.61,0.69,32.78,0.73,0.89,1.07,0.69,1.07,32.71,1.07,76.02,0.69,52.23,0.67,1.07,80.80832592,21.95990825,34.9766,21.95990825,1.592748002,47.60690911,0.73469588,52.22565059
,,0.6,176.4,88.2,294,1.5,1.5,2.25,25,22,75,69,1.5,3,300,773,349.1066271,210000,0.3,1,21.5568,27.58,176.4,0.6,196,441,13.79,92.37,2.59,13.79,84.67,56.45,1,13.79,1.56,9.34,12.6,10.09,21.96,92.37,2.05,21.96,84.67,56.45,1,21.96,0.98,40.14,40.14,0.54,47.61,47.61,0.45,13.79,92.37,40.14,0.43,21.96,92.37,47.61,0.43,20.25,0.45,0.63,1.06,0.46,0.99,21.80,0.99,72.96,0.46,33.42,0.65,0.99,80.80832592,21.95990825,21.5568,21.95990825,0.981643446,47.60690911,0.452808225,33.41529973
,,0.8,235.2,117.6,294,1.5,1.5,2.25,25,22,75,69,1.5,3,300,773,349.1066271,210000,0.3,1,10.289,15.004,235.2,0.8,196,441,7.502,92.37,3.51,7.50,63.89,42.59,0.79,5.92,1.74,9.34,12.6,10.09,21.96,92.37,2.05,21.96,63.89,42.59,0.79,17.32,0.59,31.98,25.22,0.41,47.61,37.55,0.27,7.50,92.37,31.98,0.16,21.96,92.37,47.61,0.16,7.72,0.22,0.34,1.33,0.23,0.94,10.90,0.94,67.91,0.23,15.55,0.66,0.94,80.80832592,21.95990825,10.289,17.32134106,0.594007125,37.55095422,0.274001026,15.550574
14,300x75x25x2,0,0,0,292,2,2,3,25,21,75,67,2,4,300,769,349.1066271,210000,0.3,1,81.7077,229.476,0,0,146,584,114.738,122.33,1.03,96.55,146.00,73.00,1,96.55,0.85,9.34,12.6,10.09,52.41,122.33,1.53,52.41,146.00,73.00,1,52.41,1.56,101.80,101.80,0.80,77.84,77.84,1.05,114.74,122.33,101.80,Not Applicable,52.41,122.33,77.84,Not Applicable,77.84,1.05,2.19,#VALUE!,Not Applicable,#VALUE!,#VALUE!,#VALUE!,119.95,Not Applicable,#VALUE!,#VALUE!,#VALUE!,107.0114792,52.40964405,81.7077,52.40964405,1.559020319,77.83833649,1.049710254,119.9524735
,,0.2,58.4,29.2,292,2,2,3,25,21,75,67,2,4,300,769,349.1066271,210000,0.3,1,72.8256,194.768,58.4,0.2,146,584,97.384,122.33,1.12,88.95,125.36,62.68,1,88.95,0.82,9.34,12.6,10.09,52.41,122.33,1.53,52.41,125.36,62.68,1,52.41,1.39,96.37,96.37,0.76,77.84,77.84,0.94,97.38,122.33,96.37,0.88,52.41,122.33,77.84,0.88,68.50,0.94,1.86,1.06,0.90,1.04,70.05,1.04,117.66,0.90,105.90,0.69,1.04,107.0114792,52.40964405,72.8256,52.40964405,1.389545785,77.83833649,0.935600673,105.8955526
,,0.4,116.8,58.4,292,2,2,3,25,21,75,67,2,4,300,769,349.1066271,210000,0.3,1,53.4157,93.116,116.8,0.4,146,584,46.558,122.33,1.62,46.56,104.73,52.36,0.97,45.15,1.18,9.34,12.6,10.09,52.41,122.33,1.53,52.41,104.73,52.36,0.97,50.82,1.05,74.65,72.39,0.74,77.84,75.48,0.71,46.56,122.33,74.65,0.69,52.41,122.33,77.84,0.69,53.60,0.69,0.89,1.00,0.69,1.00,53.47,1.00,107.88,0.69,74.11,0.72,1.00,107.0114792,52.40964405,53.4157,50.82178479,1.051039436,75.48006206,0.707679598,74.11130933
,,0.6,175.2,87.6,292,2,2,3,25,21,75,67,2,4,300,769,349.1066271,210000,0.3,1,33.2795,65.677,175.2,0.6,146,584,32.8385,122.33,1.93,32.84,84.09,42.05,0.78,25.57,1.30,9.34,12.6,10.09,52.41,122.33,1.53,52.41,84.09,42.05,0.78,40.81,0.82,65.88,51.30,0.65,77.84,60.61,0.55,32.84,122.33,65.88,0.43,52.41,122.33,77.84,0.43,33.11,0.43,0.63,1.01,0.46,0.93,35.65,0.93,103.53,0.46,47.42,0.70,0.93,107.0114792,52.40964405,33.2795,40.80764,0.815521309,60.60714343,0.549101939,47.41792613
,,0.8,233.6,116.8,292,2,2,3,25,21,75,67,2,4,300,769,349.1066271,210000,0.3,1,16.6709,35.69,233.6,0.8,146,584,17.845,122.33,2.62,17.85,63.46,31.73,0.59,10.48,1.59,9.34,12.6,10.09,52.41,122.33,1.53,52.41,63.46,31.73,0.59,30.79,0.54,52.71,30.97,0.54,77.84,45.73,0.36,17.85,122.33,52.71,0.16,52.41,122.33,77.84,0.16,12.63,0.21,0.34,1.32,0.23,0.94,17.82,0.94,96.35,0.23,22.07,0.76,0.94,107.0114792,52.40964405,16.6709,30.79349522,0.541377323,45.73422479,0.364516947,22.06523288
15,300x75x25x2.5,0,0,0,290,2.5,2.5,3.75,25,20,75,65,2.5,5,300,765,349.1066271,210000,0.3,1,113.455,450.209,0,0,116,725,225.1045,151.86,0.82,150.69,145.00,58.00,1,150.69,0.75,9.34,12.6,10.09,103.07,151.86,1.21,101.96,145.00,58.00,1,101.96,1.11,146.55,146.55,0.77,113.35,113.35,1.00,225.10,151.86,146.55,Not Applicable,103.07,151.86,113.35,Not Applicable,113.35,1.00,2.18,#VALUE!,Not Applicable,#VALUE!,#VALUE!,#VALUE!,157.14,Not Applicable,#VALUE!,#VALUE!,#VALUE!,132.8481549,103.0685349,113.455,101.9634062,1.112703118,113.3461924,1.000959958,157.1421763
,,0.2,58,29,290,2.5,2.5,3.75,25,20,75,65,2.5,5,300,765,349.1066271,210000,0.3,1,100.384,382.655,58,0.2,116,725,191.3275,151.86,0.89,138.92,124.51,49.80,0.92,128.12,0.78,9.34,12.6,10.09,103.07,151.86,1.21,101.96,124.51,49.80,0.92,94.04,1.07,139.16,128.34,0.78,113.35,104.53,0.96,191.33,151.86,139.16,0.88,103.07,151.86,113.35,0.88,99.74,0.89,1.86,1.01,0.90,0.98,102.01,0.98,154.17,0.90,138.75,0.72,0.98,132.8481549,103.0685349,100.384,94.03692232,1.067495591,104.5348276,0.960292395,138.7519297
,,0.4,116,58,290,2.5,2.5,3.75,25,20,75,65,2.5,5,300,765,349.1066271,210000,0.3,1,76.9582,182.471,116,0.4,116,725,91.2355,151.86,1.29,91.24,104.01,41.60,0.77,70.29,1.09,9.34,12.6,10.09,103.07,151.86,1.21,101.96,104.01,41.60,0.77,78.56,0.98,108.71,83.75,0.92,113.35,87.33,0.88,91.24,151.86,108.71,0.69,103.07,151.86,113.35,0.69,78.05,0.68,0.89,0.99,0.69,0.99,77.87,0.99,141.31,0.69,97.08,0.79,0.99,132.8481549,103.0685349,76.9582,78.55759354,0.979640497,87.32744856,0.881260145,97.08195486
,,0.6,174,87,290,2.5,2.5,3.75,25,20,75,65,2.5,5,300,765,349.1066271,210000,0.3,1,46.5805,128.849,174,0.6,116,725,64.4245,151.86,1.54,64.42,83.52,33.41,0.62,39.86,1.17,9.34,12.6,10.09,103.07,151.86,1.21,101.96,83.52,33.41,0.62,63.08,0.74,96.30,59.57,0.78,113.35,70.12,0.66,64.42,151.86,96.30,0.43,103.07,151.86,113.35,0.43,48.22,0.41,0.63,0.97,0.46,0.90,51.91,0.90,135.64,0.46,62.12,0.75,0.90,132.8481549,103.0685349,46.5805,63.07826477,0.738455634,70.12006954,0.664296261,62.12494298
,,0.8,232,116,290,2.5,2.5,3.75,25,20,75,65,2.5,5,300,765,349.1066271,210000,0.3,1,24.9078,95.393,232,0.8,116,725,47.6965,151.86,1.78,47.70,63.02,25.21,0.47,22.27,1.12,9.34,12.6,10.09,103.07,151.86,1.21,101.96,63.02,25.21,0.47,47.60,0.52,86.54,40.40,0.62,113.35,52.91,0.47,47.70,151.86,86.54,0.16,103.07,151.86,113.35,0.16,18.38,0.22,0.46,1.35,0.23,0.96,25.96,0.96,130.93,0.23,29.98,0.83,0.96,132.8481549,103.0685349,24.9078,47.59893599,0.523284806,52.91269051,0.470733954,29.98237211
16,300x75x25x3,0,0,0,288,3,3,4.5,25,19,75,63,3,6,300,761,349.1066271,210000,0.3,1,147.177,780.947,0,0,96,864,390.4735,180.98,0.68,180.98,144.00,48.00,0.89,160.87,0.91,9.34,12.6,10.09,179.34,180.98,1.00,146.83,144.00,48.00,0.89,130.51,1.13,195.93,174.16,0.85,153.37,136.33,1.08,390.47,180.98,195.93,Not Applicable,179.34,180.98,153.37,Not Applicable,180.98,0.96,2.18,#VALUE!,Not Applicable,#VALUE!,#VALUE!,#VALUE!,195.71,Not Applicable,#VALUE!,#VALUE!,#VALUE!,158.3183528,179.3392507,147.177,130.5131599,1.127679386,136.3290674,1.079571677,195.7115744
,,0.2,57.6,28.8,288,3,3,4.5,25,19,75,63,3,6,300,761,349.1066271,210000,0.3,1,124.658,665.098,57.6,0.2,96,864,332.549,180.98,0.74,180.98,123.65,41.22,0.76,138.13,0.90,9.34,12.6,10.09,179.34,180.98,1.00,146.83,123.65,41.22,0.76,112.07,1.11,186.68,142.48,0.87,153.37,117.06,1.06,332.55,180.98,186.68,0.88,179.34,180.98,153.37,0.88,134.97,0.81,1.85,0.92,0.90,0.90,138.03,0.90,192.06,0.90,172.85,0.72,0.90,158.3183528,179.3392507,124.658,112.0660702,1.112361661,117.0599413,1.06490742,172.85023
,,0.4,115.2,57.6,288,3,3,4.5,25,19,75,63,3,6,300,761,349.1066271,210000,0.3,1,99.6488,316.633,115.2,0.4,96,864,158.3165,180.98,1.07,137.95,103.29,34.43,0.64,87.96,1.13,9.34,12.6,10.09,179.34,180.98,1.00,146.83,103.29,34.43,0.64,93.62,1.06,147.16,93.83,1.06,153.37,97.79,1.02,158.32,180.98,147.16,0.69,179.34,180.98,153.37,0.69,105.61,0.65,0.88,0.94,0.69,0.95,105.37,0.95,176.02,0.69,120.92,0.82,0.95,158.3183528,179.3392507,99.6488,93.61898044,1.064408088,97.79081514,1.018999585,120.9223373
,,0.6,172.8,86.4,288,3,3,4.5,25,19,75,63,3,6,300,761,349.1066271,210000,0.3,1,62.9007,223.83,172.8,0.6,96,864,111.915,180.98,1.27,111.92,82.94,27.65,0.51,57.30,1.10,9.34,12.6,10.09,179.34,180.98,1.00,146.83,82.94,27.65,0.51,75.17,0.84,130.84,66.99,0.94,153.37,78.52,0.80,111.92,180.98,130.84,0.43,179.34,180.98,153.37,0.43,65.24,0.41,0.62,0.96,0.46,0.90,70.24,0.90,168.98,0.46,77.39,0.81,0.90,158.3183528,179.3392507,62.9007,75.1718907,0.836758254,78.52168901,0.801061475,77.39255742
,,0.8,230.4,115.2,288,3,3,4.5,25,19,75,63,3,6,300,761,349.1066271,210000,0.3,1,33.5497,165.797,230.4,0.8,96,864,82.8985,180.98,1.48,82.90,62.59,20.86,0.39,32.03,1.05,9.34,12.6,10.09,179.34,180.98,1.00,146.83,62.59,20.86,0.39,56.72,0.59,117.90,45.55,0.74,153.37,59.25,0.57,82.90,180.98,117.90,0.16,179.34,180.98,153.37,0.16,24.88,0.22,0.46,1.35,0.23,0.96,35.12,0.96,163.12,0.23,37.35,0.90,0.96,158.3183528,179.3392507,33.5497,56.72480096,0.591446765,59.25256287,0.566215171,37.35366092
17,350x120x28x1.5,0,0,0,344,1.5,1.5,2.25,28,25,120,114,1.5,3,350,873,349.1066271,210000,0.3,1,54.6878,86.539,0,0,229.3333333,516,43.2695,108.08,1.58,43.27,172.00,114.67,1,43.27,1.26,9.34,12.6,10.09,18.77,108.08,2.40,18.77,172.00,114.67,1,18.77,2.91,67.15,67.15,0.81,49.66,49.66,1.10,43.27,108.08,67.15,Not Applicable,18.77,108.08,49.66,Not Applicable,108.08,1.10,2.31,#VALUE!,Not Applicable,#VALUE!,#VALUE!,#VALUE!,95.88,Not Applicable,#VALUE!,#VALUE!,#VALUE!,94.5512385,18.76806112,54.6878,18.76806112,2.913875847,49.66103643,1.101221479,95.88449994
,,0.2,68.8,34.4,344,1.5,1.5,2.25,28,25,120,114,1.5,3,350,873,349.1066271,210000,0.3,1,50.7252,70.598,68.8,0.2,229.3333333,516,35.299,108.08,1.75,35.30,147.69,98.46,1,35.30,1.44,9.34,12.6,10.09,18.77,108.08,2.40,18.77,147.69,98.46,1,18.77,2.70,62.46,62.46,0.81,49.66,49.66,1.02,35.30,108.08,62.46,0.88,18.77,108.08,49.66,0.88,43.70,1.02,1.88,1.16,0.90,1.13,44.69,1.13,93.61,0.90,84.25,0.60,1.13,94.5512385,18.76806112,50.7252,18.76806112,2.702740559,49.66103643,1.021428541,84.25235947
,,0.4,137.6,68.8,344,1.5,1.5,2.25,28,25,120,114,1.5,3,350,873,349.1066271,210000,0.3,1,37.4733,34.384,137.6,0.4,229.3333333,516,17.192,108.08,2.51,17.19,123.38,82.25,1,17.19,2.18,9.34,12.6,10.09,18.77,108.08,2.40,18.77,123.38,82.25,1,18.77,2.00,48.08,48.08,0.78,49.66,49.66,0.75,17.19,108.08,48.08,0.69,18.77,108.08,49.66,0.69,34.20,0.75,0.92,1.10,0.69,1.10,34.12,1.10,86.01,0.69,59.09,0.63,1.10,94.5512385,18.76806112,37.4733,18.76806112,1.996652705,49.66103643,0.754581513,59.08734903
,,0.6,206.4,103.2,344,1.5,1.5,2.25,28,25,120,114,1.5,3,350,873,349.1066271,210000,0.3,1,23.7806,24.389,206.4,0.6,229.3333333,516,12.1945,108.08,2.98,12.19,99.07,66.04,1,12.19,1.95,9.34,12.6,10.09,18.77,108.08,2.40,18.77,99.07,66.04,1,18.77,1.27,42.33,42.33,0.56,49.66,49.66,0.48,12.19,108.08,42.33,0.43,18.77,108.08,49.66,0.43,21.13,0.48,0.65,1.13,0.46,1.05,22.74,1.05,82.60,0.46,37.83,0.63,1.05,94.5512385,18.76806112,23.7806,18.76806112,1.267078141,49.66103643,0.47885831,37.82876984
,,0.8,275.2,137.6,344,1.5,1.5,2.25,28,25,120,114,1.5,3,350,873,349.1066271,210000,0.3,1,11.196,17.804,275.2,0.8,229.3333333,516,8.902,108.08,3.48,8.90,74.76,49.84,0.92,8.22,1.36,9.34,12.6,10.09,18.77,108.08,2.40,18.77,74.76,49.84,0.92,17.32,0.65,37.62,34.72,0.32,49.66,45.83,0.24,8.90,108.08,37.62,0.16,18.77,108.08,49.66,0.16,8.06,0.23,0.47,1.39,0.23,0.98,11.37,0.98,79.59,0.23,18.23,0.61,0.98,94.5512385,18.76806112,11.196,17.32134106,0.646370276,45.83295758,0.244278366,18.22539054
18,350x120x28x2,0,0,0,342,2,2,3,28,24,120,112,2,4,350,869,349.1066271,210000,0.3,1,88.788,205.935,0,0,171,684,102.9675,143.27,1.18,98.99,171.00,85.50,1,98.99,0.90,9.34,12.6,10.09,44.75,143.27,1.79,44.75,171.00,85.50,1,44.75,1.98,109.04,109.04,0.81,81.48,81.48,1.09,102.97,143.27,109.04,Not Applicable,44.75,143.27,81.48,Not Applicable,143.27,1.09,2.30,#VALUE!,Not Applicable,#VALUE!,#VALUE!,#VALUE!,136.16,Not Applicable,#VALUE!,#VALUE!,#VALUE!,125.3353627,44.74741538,88.788,44.74741538,1.984203987,81.48001531,1.089690517,136.1611806
,,0.2,68.4,34.2,342,2,2,3,28,24,120,112,2,4,350,869,349.1066271,210000,0.3,1,80.071,168.457,68.4,0.2,171,684,84.2285,143.27,1.30,84.23,146.83,73.42,1,84.23,0.95,9.34,12.6,10.09,44.75,143.27,1.79,44.75,146.83,73.42,1,44.75,1.79,101.80,101.80,0.79,81.48,81.48,0.98,84.23,143.27,101.80,0.88,44.75,143.27,81.48,0.88,71.70,0.98,1.88,1.12,0.90,1.09,73.33,1.09,132.98,0.90,119.68,0.67,1.09,125.3353627,44.74741538,80.071,44.74741538,1.789399439,81.48001531,0.982707228,119.683381
,,0.4,136.8,68.4,342,2,2,3,28,24,120,112,2,4,350,869,349.1066271,210000,0.3,1,58.07,81.807,136.8,0.4,171,684,40.9035,143.27,1.87,40.90,122.66,61.33,1,40.90,1.42,9.34,12.6,10.09,44.75,143.27,1.79,44.75,122.66,61.33,1,44.75,1.30,78.89,78.89,0.74,81.48,81.48,0.71,40.90,143.27,78.89,0.69,44.75,143.27,81.48,0.69,56.11,0.71,0.91,1.03,0.69,1.04,55.98,1.04,122.14,0.69,83.91,0.69,1.04,125.3353627,44.74741538,58.07,44.74741538,1.297728584,81.48001531,0.712690097,83.91223674
,,0.6,205.2,102.6,342,2,2,3,28,24,120,112,2,4,350,869,349.1066271,210000,0.3,1,36.076,57.757,205.2,0.6,171,684,28.8785,143.27,2.23,28.88,98.49,49.25,0.91,26.34,1.37,9.34,12.6,10.09,44.75,143.27,1.79,44.75,98.49,49.25,0.91,40.81,0.88,69.53,63.41,0.57,81.48,74.31,0.49,28.88,143.27,69.53,0.43,44.75,143.27,81.48,0.43,34.66,0.44,0.65,1.04,0.46,0.97,37.32,0.97,117.24,0.46,53.69,0.67,0.97,125.3353627,44.74741538,36.076,40.80764,0.884050144,74.30612703,0.485505051,53.69414896
,,0.8,273.6,136.8,342,2,2,3,28,24,120,112,2,4,350,869,349.1066271,210000,0.3,1,17.601,42.128,273.6,0.8,171,684,21.064,143.27,2.61,21.06,74.32,37.16,0.69,14.50,1.21,9.34,12.6,10.09,44.75,143.27,1.79,44.75,74.32,37.16,0.69,30.79,0.57,61.91,42.60,0.41,81.48,56.07,0.31,21.06,143.27,61.91,0.16,44.75,143.27,81.48,0.16,13.22,0.22,0.47,1.33,0.23,0.94,18.66,0.94,112.96,0.23,25.87,0.68,0.94,125.3353627,44.74741538,17.601,30.79349522,0.571581754,56.07149463,0.313902815,25.8672485
19,350x120x28x2.5,0,0,0,340,2.5,2.5,3.75,28,23,120,110,2.5,5,350,865,349.1066271,210000,0.3,1,125.937,403.61,0,0,136,850,201.805,178.04,0.94,154.49,170.00,68.00,1,154.49,0.82,9.34,12.6,10.09,87.91,178.04,1.42,87.91,170.00,68.00,1,87.91,1.43,157.67,157.67,0.80,119.07,119.07,1.06,201.81,178.04,157.67,Not Applicable,87.91,178.04,119.07,Not Applicable,174.08,1.06,2.30,#VALUE!,Not Applicable,#VALUE!,#VALUE!,#VALUE!,178.52,Not Applicable,#VALUE!,#VALUE!,#VALUE!,155.7530092,87.91139741,125.937,87.91139741,1.432544627,119.0707729,1.057665092,178.517181
,,0.2,68,34,340,2.5,2.5,3.75,28,23,120,110,2.5,5,350,865,349.1066271,210000,0.3,1,111.826,330.883,68,0.2,136,850,165.4415,178.04,1.04,139.88,145.97,58.39,1,139.88,0.80,9.34,12.6,10.09,87.91,178.04,1.42,87.91,145.97,58.39,1,87.91,1.27,147.71,147.71,0.76,119.07,119.07,0.94,165.44,178.04,147.71,0.88,87.91,178.04,119.07,0.88,104.78,0.94,1.88,1.07,0.90,1.04,107.16,1.04,174.40,0.90,156.96,0.71,1.04,155.7530092,87.91139741,111.826,87.91139741,1.272030741,119.0707729,0.939155741,156.9565448
,,0.4,136,68,340,2.5,2.5,3.75,28,23,120,110,2.5,5,350,865,349.1066271,210000,0.3,1,85.588,160.383,136,0.4,136,850,80.1915,178.04,1.49,80.19,121.94,48.78,0.90,72.44,1.18,9.34,12.6,10.09,87.91,178.04,1.42,87.91,121.94,48.78,0.90,79.41,1.08,115.30,104.15,0.82,119.07,107.55,0.80,80.19,178.04,115.30,0.69,87.91,178.04,119.07,0.69,81.99,0.72,0.91,1.04,0.69,1.05,81.80,1.05,160.16,0.69,110.03,0.78,1.05,155.7530092,87.91139741,85.588,79.40903873,1.077811813,107.5548324,0.795761548,110.0266112
,,0.6,204,102,340,2.5,2.5,3.75,28,23,120,110,2.5,5,350,865,349.1066271,210000,0.3,1,53.5347,113.242,204,0.6,136,850,56.621,178.04,1.77,56.62,97.92,39.17,0.73,41.07,1.30,9.34,12.6,10.09,87.91,178.04,1.42,87.91,97.92,39.17,0.73,63.76,0.84,101.91,73.92,0.72,119.07,86.36,0.62,56.62,178.04,101.91,0.43,87.91,178.04,119.07,0.43,50.65,0.45,0.64,1.06,0.46,0.98,54.53,0.98,153.73,0.46,70.41,0.76,0.98,155.7530092,87.91139741,53.5347,63.7619375,0.83960278,86.36176202,0.619888927,70.40668553
,,0.8,272,136,340,2.5,2.5,3.75,28,23,120,110,2.5,5,350,865,349.1066271,210000,0.3,1,25.8232,82.786,272,0.8,136,850,41.393,178.04,2.07,41.39,73.89,29.55,0.55,22.65,1.14,9.34,12.6,10.09,87.91,178.04,1.42,87.91,73.89,29.55,0.55,48.11,0.54,91.02,49.82,0.52,119.07,65.17,0.40,41.39,178.04,91.02,0.16,87.91,178.04,119.07,0.16,19.31,0.22,0.47,1.34,0.23,0.95,27.27,0.95,148.16,0.23,33.93,0.76,0.95,155.7530092,87.91139741,25.8232,48.11483628,0.536699322,65.16869158,0.396251626,33.9282927
20,350x120x28x3,0,0,0,338,3,3,4.5,28,22,120,108,3,6,350,861,349.1066271,210000,0.3,1,166.264,699.791,0,0,112.6666667,1014,349.8955,212.40,0.78,212.40,169.00,56.33,1,212.40,0.78,9.34,12.6,10.09,152.81,212.40,1.18,146.83,169.00,56.33,1,146.83,1.13,211.84,211.84,0.78,161.71,161.71,1.03,349.90,212.40,211.84,Not Applicable,152.81,212.40,161.71,Not Applicable,#VALUE!,1.03,2.29,#VALUE!,Not Applicable,#VALUE!,#VALUE!,#VALUE!,222.53,Not Applicable,#VALUE!,#VALUE!,#VALUE!,185.804178,152.8097758,166.264,146.8273049,1.132377933,161.7050739,1.028192845,222.5253167
,,0.2,67.6,33.8,338,3,3,4.5,28,22,120,108,3,6,350,861,349.1066271,210000,0.3,1,145.324,574.336,67.6,0.2,112.6666667,1014,287.168,212.40,0.86,201.28,145.11,48.37,0.90,180.30,0.81,9.34,12.6,10.09,152.81,212.40,1.18,146.83,145.11,48.37,0.90,131.52,1.10,199.08,178.33,0.81,161.71,144.85,1.00,287.17,212.40,199.08,0.88,152.81,212.40,161.71,0.88,142.30,0.90,1.88,1.02,0.90,1.00,145.53,1.00,217.42,0.90,195.68,0.74,1.00,185.804178,152.8097758,145.324,131.5219852,1.104940743,144.8488913,1.00328003,195.677823
,,0.4,135.2,67.6,338,3,3,4.5,28,22,120,108,3,6,350,861,349.1066271,210000,0.3,1,105.363,277.908,135.2,0.4,112.6666667,1014,138.954,212.40,1.24,138.95,121.23,40.41,0.75,103.98,1.01,9.34,12.6,10.09,152.81,212.40,1.18,146.83,121.23,40.41,0.75,109.87,0.96,156.55,117.15,0.90,161.71,121.01,0.87,138.95,212.40,156.55,0.69,152.81,212.40,161.71,0.69,111.35,0.65,0.91,0.95,0.69,0.95,111.09,0.95,199.63,0.69,137.15,0.77,0.95,185.804178,152.8097758,105.363,109.8722757,0.958958931,121.0054524,0.870729359,137.1487202
,,0.6,202.8,101.4,338,3,3,4.5,28,22,120,108,3,6,350,861,349.1066271,210000,0.3,1,70.6524,196.388,202.8,0.6,112.6666667,1014,98.194,212.40,1.47,98.19,97.34,32.45,0.60,59.00,1.20,9.34,12.6,10.09,152.81,212.40,1.18,146.83,97.34,32.45,0.60,88.22,0.80,138.81,83.41,0.85,161.71,97.16,0.73,98.19,212.40,138.81,0.43,152.81,212.40,161.71,0.43,68.79,0.44,0.64,1.03,0.46,0.95,74.06,0.95,191.64,0.46,87.77,0.80,0.95,185.804178,152.8097758,70.6524,88.22256617,0.800842722,97.1620135,0.727160723,87.77276307
,,0.8,270.4,135.2,338,3,3,4.5,28,22,120,108,3,6,350,861,349.1066271,210000,0.3,1,35.7513,143.834,270.4,0.8,112.6666667,1014,71.917,212.40,1.72,71.92,73.45,24.48,0.45,32.61,1.10,9.34,12.6,10.09,152.81,212.40,1.18,146.83,73.45,24.48,0.45,66.57,0.54,124.33,56.37,0.63,161.71,73.32,0.49,71.92,212.40,124.33,0.16,152.81,212.40,161.71,0.16,26.23,0.22,0.47,1.36,0.23,0.97,37.03,0.97,184.75,0.23,42.31,0.85,0.97,185.804178,152.8097758,35.7513,66.57285668,0.537025175,73.3185746,0.487615863,42.30673154
,,,,,,,,,,,,,,,,,,,,,,,,,,,,,,,,,,,,,,,,,,,,,,,,,,0.354552795,,,,,,,,,,,,,0.22,,,,,0.00,,,,,,,0,,,,,,,
,,,,,,,,,,,,,,,,,,,,,,,,,,,,,,,,,,,,,,,,,,,,,,,,,,0.533865159,,,,,,,0.146680272,,,,#NAME?,,,Meam,,,,0.00,#VALUE!,,,,#VALUE!,#VALUE!,,,,,,,,
,,,,,,,,,,,,,,,,,,,,,,,,,,,,,,,,,,,,,,,,,,,,,,,,,,,,,,,,,,,,,,,,,,,,0.00,#VALUE!,,,,#VALUE!,#VALUE!,,,,,,,,
